item_id,customer_id,sale
603,731,1
436,1794,1
452,2523,1
784,1221,1
753,1221,1
783,2669,1
362,2669,1
290,2669,1
176,810,1
341,1580,1
204,1580,1
611,2386,1
356,335,1
49,2602,1
219,2602,1
291,523,1
527,2930,1
268,2930,1
1035,2930,1
292,336,1
883,1222,1
684,1795,1
372,2992,1
603,3521,1
50,1654,1
912,1654,1
481,2603,1
440,2603,1
861,395,1
963,395,1
722,395,1
212,3340,1
950,267,1
261,2812,1
178,2812,1
367,268,1
904,268,1
400,2387,1
530,269,1
604,269,1
528,58,1
563,2747,1
282,2304,1
316,2106,1
605,1796,1
88,3266,1
324,2240,1
293,1516,1
847,1516,1
375,1516,1
506,1516,1
129,1516,1
231,1516,1
179,1516,1
535,2458,1
33,1450,1
938,2161,1
159,2161,1
0,462,1
388,3200,1
527,59,1
654,1377,1
747,1581,1
31,2388,1
88,1797,1
34,1223,1
811,1223,1
65,1223,1
160,1971,1
440,203,1
452,2524,1
11,2524,1
104,2305,1
81,2305,1
543,2670,1
471,2670,1
611,2670,1
784,2459,1
553,2460,1
603,141,1
865,0,1
797,0,1
993,0,1
325,1294,1
332,2525,1
675,2525,1
975,2525,1
144,2993,1
792,1027,1
232,1655,1
951,3122,1
1026,2389,1
81,2389,1
612,2389,1
262,2389,1
238,1846,1
342,1846,1
291,1378,1
464,2813,1
970,2813,1
554,2526,1
544,2241,1
976,3341,1
481,1379,1
271,1517,1
798,270,1
441,271,1
944,2931,1
188,2306,1
209,2306,1
988,2306,1
66,3123,1
117,961,1
51,3397,1
235,3397,1
878,3397,1
618,3397,1
690,1380,1
389,3522,1
279,1582,1
290,1381,1
793,1724,1
513,2527,1
771,3455,1
870,2748,1
160,659,1
753,3058,1
105,3058,1
88,2994,1
638,1518,1
723,142,1
540,142,1
189,142,1
736,891,1
263,1,1
67,1,1
545,2604,1
375,2604,1
798,1028,1
763,2307,1
130,1920,1
453,2995,1
1022,2995,1
104,2995,1
631,2995,1
660,2605,1
179,2390,1
453,1295,1
785,2038,1
671,660,1
12,1382,1
724,2671,1
619,732,1
963,1656,1
106,811,1
956,811,1
422,1158,1
151,2,1
412,143,1
484,1725,1
836,60,1
754,272,1
570,2672,1
691,1224,1
536,1383,1
390,1383,1
649,3,1
536,3,1
705,1451,1
514,144,1
268,812,1
129,1384,1
696,1384,1
620,1384,1
235,337,1
786,4,1
787,2391,1
812,2461,1
41,1385,1
613,1385,1
919,1519,1
632,1098,1
152,3456,1
268,1798,1
830,2814,1
823,204,1
482,338,1
407,2308,1
176,273,1
621,3267,1
179,274,1
764,3059,1
802,3059,1
871,3059,1
235,5,1
740,5,1
660,3201,1
445,813,1
235,1726,1
879,2309,1
464,2309,1
763,2309,1
440,524,1
372,1727,1
180,2673,1
452,1520,1
356,61,1
684,145,1
481,1029,1
815,1029,1
975,2996,1
631,2462,1
217,2162,1
452,2674,1
581,396,1
655,1225,1
375,1225,1
905,1225,1
415,661,1
57,1226,1
161,2163,1
614,2815,1
440,2164,1
1027,2164,1
871,2164,1
632,2164,1
588,275,1
642,3342,1
871,3342,1
423,1847,1
952,1847,1
413,1583,1
797,3124,1
308,146,1
615,1159,1
153,600,1
105,1452,1
220,1030,1
58,3523,1
697,3457,1
436,3202,1
362,3202,1
389,1848,1
802,1386,1
957,1972,1
130,1160,1
577,525,1
139,525,1
741,892,1
603,892,1
977,2749,1
866,1453,1
639,1453,1
871,1728,1
850,1728,1
880,1728,1
333,1728,1
453,1728,1
615,1728,1
0,1728,1
656,276,1
347,276,1
363,2242,1
993,1099,1
870,2107,1
375,2463,1
391,1729,1
8,1729,1
855,1849,1
452,814,1
824,1387,1
13,1387,1
144,662,1
8,1584,1
153,1584,1
772,1584,1
957,3268,1
527,3269,1
347,2039,1
309,1973,1
152,3060,1
317,663,1
870,277,1
867,463,1
416,815,1
239,2750,1
465,2750,1
978,664,1
656,1850,1
363,1850,1
105,1850,1
152,3458,1
179,1851,1
452,205,1
932,3270,1
144,1161,1
489,816,1
527,665,1
546,1974,1
736,2751,1
896,2751,1
710,2751,1
871,2751,1
545,2751,1
850,2751,1
179,526,1
906,2165,1
179,2165,1
363,2997,1
1017,2997,1
174,2464,1
982,464,1
953,2528,1
264,3203,1
507,527,1
121,527,1
190,527,1
453,527,1
290,3398,1
939,2529,1
52,2529,1
656,62,1
507,2108,1
453,2108,1
1018,3593,1
458,278,1
993,962,1
205,962,1
104,397,1
940,1921,1
654,3459,1
676,3459,1
763,3459,1
978,3459,1
642,2040,1
283,63,1
181,63,1
661,2465,1
205,2465,1
416,2109,1
880,339,1
11,206,1
514,64,1
1023,3399,1
257,3399,1
318,3399,1
725,2466,1
262,2467,1
945,2467,1
871,2110,1
850,2110,1
953,666,1
341,465,1
348,465,1
753,3061,1
871,279,1
944,279,1
850,279,1
150,1922,1
627,893,1
1003,280,1
926,280,1
107,733,1
464,733,1
606,2530,1
205,1388,1
811,2998,1
247,2999,1
326,1657,1
392,3062,1
389,817,1
865,1296,1
613,2310,1
349,207,1
951,1031,1
452,2752,1
571,1799,1
798,1799,1
265,963,1
816,667,1
428,1227,1
176,1658,1
466,1975,1
662,3460,1
213,1297,1
868,1297,1
881,1454,1
326,65,1
507,2311,1
160,3343,1
284,3343,1
41,3343,1
515,1389,1
741,1521,1
527,2753,1
620,3461,1
503,3461,1
490,1923,1
615,1298,1
1003,147,1
555,147,1
68,147,1
938,3462,1
813,3462,1
145,3462,1
364,3462,1
235,2606,1
970,2041,1
375,2607,1
1,2607,1
383,1924,1
294,3344,1
179,3125,1
677,3125,1
332,3463,1
837,1852,1
221,3204,1
944,398,1
940,1032,1
413,1925,1
69,1925,1
304,1925,1
436,1925,1
272,2111,1
691,1390,1
696,2312,1
920,964,1
357,964,1
811,2042,1
491,3524,1
139,3524,1
14,1659,1
837,2112,1
882,2112,1
324,2392,1
424,2313,1
117,2313,1
131,2313,1
407,1585,1
160,1299,1
964,3345,1
867,66,1
813,3205,1
12,2531,1
123,1300,1
802,1800,1
632,2393,1
317,894,1
1003,601,1
146,2043,1
837,2043,1
464,2043,1
614,3346,1
248,3346,1
862,3346,1
472,3346,1
507,1391,1
850,3525,1
375,3126,1
1028,3126,1
605,3347,1
373,466,1
188,466,1
232,466,1
879,67,1
897,67,1
778,3000,1
167,734,1
802,734,1
53,2166,1
707,1228,1
837,1228,1
295,1976,1
452,2532,1
726,1100,1
425,1100,1
305,1100,1
453,1100,1
350,1100,1
423,2608,1
896,2394,1
209,3001,1
324,3001,1
268,3001,1
329,1660,1
672,1660,1
940,2754,1
963,1926,1
605,1926,1
1029,2867,1
528,1162,1
632,1162,1
736,1162,1
1019,1162,1
105,1162,1
856,1162,1
428,1586,1
628,1801,1
422,1801,1
741,208,1
706,528,1
342,3526,1
368,3526,1
673,2755,1
690,3271,1
154,1392,1
867,602,1
416,3464,1
817,3464,1
726,3464,1
0,1977,1
105,2395,1
1028,3063,1
194,735,1
882,735,1
753,1101,1
865,3348,1
896,3348,1
857,2816,1
1036,529,1
179,1587,1
656,1927,1
705,2468,1
871,2817,1
698,2817,1
129,1033,1
802,2314,1
554,2314,1
663,2314,1
938,965,1
1018,2675,1
618,2675,1
168,2675,1
655,2675,1
452,3206,1
692,1588,1
376,3207,1
182,1034,1
736,1034,1
664,1034,1
129,1034,1
401,1034,1
452,1978,1
372,281,1
145,2167,1
612,1455,1
831,1455,1
697,1455,1
788,2818,1
482,2044,1
15,2044,1
707,2044,1
798,3272,1
753,1456,1
727,3400,1
220,3400,1
1014,530,1
977,2868,1
436,668,1
446,2315,1
415,2676,1
155,1102,1
9,1163,1
753,2756,1
1032,1301,1
662,1301,1
59,1301,1
60,399,1
1018,1661,1
927,6,1
784,1979,1
484,400,1
452,68,1
789,1393,1
407,1393,1
693,1393,1
685,1589,1
265,3527,1
537,1035,1
741,3127,1
105,1980,1
963,1980,1
1004,1662,1
692,1164,1
811,1164,1
793,1164,1
915,1164,1
82,401,1
452,966,1
308,2932,1
389,2932,1
741,3002,1
784,2677,1
214,3349,1
898,3349,1
436,3349,1
606,2396,1
662,3350,1
694,3128,1
106,3128,1
66,282,1
105,2316,1
305,3064,1
616,3064,1
0,3064,1
838,2317,1
741,2317,1
330,2317,1
1003,2317,1
593,2317,1
24,2317,1
83,2317,1
358,2317,1
342,2317,1
1035,3528,1
179,1302,1
492,69,1
514,967,1
195,967,1
851,967,1
325,967,1
665,7,1
837,7,1
753,1663,1
656,1928,1
384,3401,1
695,1165,1
692,531,1
514,531,1
279,2113,1
407,2113,1
784,283,1
51,3351,1
113,3351,1
129,3352,1
219,1981,1
945,1730,1
861,1730,1
515,1730,1
188,284,1
42,2318,1
989,2318,1
944,2318,1
979,70,1
485,3208,1
190,3208,1
811,3208,1
239,3402,1
792,3402,1
384,3402,1
423,3402,1
11,2319,1
872,209,1
493,209,1
365,209,1
614,209,1
384,209,1
741,209,1
1005,209,1
413,8,1
656,8,1
377,2533,1
375,3465,1
883,2933,1
881,3466,1
882,1457,1
773,1457,1
515,210,1
632,210,1
882,210,1
1027,210,1
407,210,1
347,210,1
786,210,1
300,3273,1
926,3129,1
407,2243,1
271,71,1
292,1982,1
896,1802,1
372,1802,1
573,2934,1
944,3467,1
742,532,1
650,1103,1
88,1103,1
847,1103,1
1030,3274,1
19,3274,1
413,2320,1
108,2320,1
798,2869,1
447,2757,1
657,2757,1
851,2757,1
8,2757,1
977,3529,1
508,669,1
736,669,1
730,2935,1
1026,2935,1
440,2870,1
407,3003,1
452,3003,1
779,3003,1
802,3003,1
643,1853,1
563,1458,1
1033,1458,1
919,968,1
884,3468,1
867,1731,1
240,1854,1
933,285,1
698,670,1
912,818,1
165,818,1
180,818,1
558,402,1
464,402,1
556,340,1
471,2045,1
557,1104,1
690,1104,1
0,1104,1
344,286,1
222,1105,1
389,1105,1
440,1105,1
628,1105,1
958,1522,1
912,1394,1
459,1983,1
385,1983,1
179,1983,1
105,211,1
921,819,1
206,819,1
375,341,1
904,1106,1
342,533,1
334,72,1
290,1303,1
970,969,1
656,895,1
882,403,1
386,404,1
1018,148,1
940,467,1
941,467,1
970,405,1
875,2534,1
642,2046,1
631,287,1
460,287,1
631,2321,1
334,2609,1
710,1855,1
754,1855,1
697,1855,1
957,1304,1
324,1107,1
944,2936,1
74,2819,1
754,2114,1
109,2115,1
513,2115,1
179,2322,1
963,1305,1
528,534,1
753,3530,1
217,342,1
188,2168,1
217,2758,1
753,2397,1
784,2678,1
989,343,1
152,2535,1
324,1306,1
975,406,1
837,406,1
460,3065,1
899,407,1
662,820,1
153,970,1
956,2398,1
268,1108,1
783,3531,1
754,1523,1
742,535,1
265,9,1
8,1856,1
429,821,1
446,2244,1
375,822,1
240,1857,1
938,896,1
673,603,1
183,212,1
326,468,1
677,288,1
547,536,1
61,536,1
824,536,1
159,2169,1
473,2169,1
699,2399,1
129,671,1
448,3209,1
162,1732,1
225,1732,1
225,2116,1
51,2117,1
934,408,1
731,3532,1
748,2937,1
556,2536,1
696,2400,1
482,736,1
182,537,1
6,3066,1
296,1984,1
1034,1590,1
885,3210,1
372,672,1
536,538,1
832,737,1
369,2047,1
351,539,1
194,2048,1
89,149,1
90,3130,1
474,3130,1
335,3130,1
922,3211,1
531,150,1
431,540,1
516,1166,1
136,1229,1
839,2245,1
6,1230,1
650,3403,1
876,2118,1
105,469,1
301,2323,1
169,289,1
6,470,1
607,1733,1
696,1733,1
194,1733,1
521,1733,1
546,738,1
1015,2049,1
292,1109,1
666,1109,1
1019,739,1
423,1307,1
219,3533,1
263,2759,1
803,541,1
906,897,1
879,2760,1
749,2760,1
43,2760,1
210,2760,1
110,2760,1
15,2760,1
990,1858,1
633,10,1
219,740,1
517,1524,1
454,823,1
2,2050,1
537,3067,1
401,471,1
161,1231,1
356,2324,1
206,971,1
104,2537,1
783,673,1
492,604,1
383,604,1
0,1929,1
153,1308,1
662,3404,1
840,3404,1
597,3404,1
347,3404,1
699,2761,1
150,3469,1
139,3131,1
309,3068,1
110,1734,1
483,1309,1
885,1859,1
376,2325,1
942,972,1
564,2051,1
792,973,1
778,1310,1
913,974,1
868,824,1
707,1664,1
297,3275,1
965,1985,1
1026,2679,1
615,2679,1
899,1036,1
117,1459,1
792,2610,1
352,472,1
999,3212,1
129,1986,1
336,605,1
378,1987,1
755,1037,1
699,825,1
69,1860,1
353,473,1
436,3004,1
136,3005,1
553,975,1
640,1460,1
105,1735,1
678,3470,1
756,213,1
6,2052,1
305,3405,1
292,2762,1
105,2762,1
292,1232,1
140,674,1
271,1525,1
386,151,1
707,2053,1
856,898,1
858,3213,1
151,2763,1
118,2170,1
522,1461,1
241,3471,1
548,1311,1
893,2680,1
91,3406,1
206,2538,1
280,826,1
75,826,1
27,606,1
873,1861,1
423,2611,1
916,2246,1
258,290,1
442,3353,1
365,1988,1
629,542,1
732,542,1
122,542,1
1024,542,1
366,542,1
971,542,1
35,2681,1
136,1591,1
414,675,1
170,152,1
699,2469,1
76,3132,1
792,3407,1
110,344,1
900,741,1
151,543,1
44,1736,1
1000,827,1
139,2539,1
20,2171,1
219,2820,1
644,2401,1
45,1930,1
21,1930,1
634,3133,1
785,1862,1
431,1592,1
863,3214,1
423,1665,1
171,1462,1
774,3006,1
492,3134,1
743,3134,1
700,676,1
635,1233,1
715,2682,1
105,1463,1
66,1666,1
147,2326,1
548,1395,1
205,1234,1
105,677,1
137,1526,1
253,1038,1
249,1464,1
1035,73,1
376,1737,1
428,74,1
129,3534,1
1022,2612,1
994,678,1
386,1593,1
644,2402,1
675,474,1
100,1667,1
432,11,1
22,2172,1
708,1465,1
285,607,1
1025,742,1
788,2119,1
756,1312,1
312,544,1
792,976,1
667,1863,1
696,345,1
423,3069,1
3,2403,1
952,3070,1
825,743,1
699,743,1
741,3276,1
175,3276,1
594,1527,1
856,1527,1
207,3535,1
326,2683,1
792,1167,1
390,2173,1
84,545,1
129,2054,1
25,3472,1
310,2470,1
124,2470,1
372,2404,1
737,1594,1
43,1738,1
94,346,1
775,1989,1
106,2247,1
894,3071,1
156,2938,1
319,3215,1
975,3216,1
532,1595,1
792,2540,1
271,977,1
792,2764,1
305,1739,1
928,1739,1
804,409,1
129,75,1
788,75,1
598,75,1
983,2821,1
105,2871,1
105,899,1
578,679,1
946,1931,1
105,1803,1
452,3473,1
730,3277,1
191,1466,1
258,900,1
965,2120,1
765,1932,1
815,3474,1
757,1990,1
965,744,1
509,1235,1
707,1668,1
281,475,1
512,3072,1
301,608,1
952,2174,1
271,2405,1
359,745,1
649,3007,1
423,2121,1
885,1864,1
91,476,1
636,291,1
914,2175,1
926,1596,1
886,1396,1
863,2765,1
69,3073,1
877,1597,1
157,2766,1
855,2767,1
879,2471,1
975,2471,1
995,12,1
218,828,1
792,2684,1
792,13,1
233,1528,1
506,347,1
996,2768,1
36,1598,1
564,2248,1
271,1039,1
792,2122,1
305,3217,1
878,3536,1
69,1599,1
695,3135,1
7,3135,1
804,546,1
792,2685,1
792,3074,1
792,1740,1
699,2472,1
792,3537,1
417,3075,1
970,1741,1
758,1529,1
376,1467,1
643,3475,1
603,3475,1
408,3475,1
997,547,1
336,3218,1
994,2613,1
423,2327,1
343,2328,1
947,2055,1
826,3408,1
699,3408,1
753,901,1
753,2614,1
70,2614,1
773,2614,1
711,1236,1
543,477,1
763,1865,1
337,902,1
799,902,1
868,902,1
788,903,1
920,1742,1
77,1168,1
233,2822,1
543,3136,1
920,2686,1
887,1669,1
440,2541,1
643,1468,1
841,548,1
250,1743,1
589,680,1
952,680,1
589,978,1
258,2687,1
443,1991,1
768,2542,1
877,1040,1
181,1040,1
712,1040,1
69,478,1
598,1469,1
959,3076,1
350,3076,1
868,1237,1
549,410,1
1022,410,1
790,410,1
353,410,1
432,410,1
423,410,1
755,153,1
962,153,1
913,153,1
792,76,1
623,3219,1
780,2473,1
107,3354,1
386,3354,1
171,3008,1
393,2769,1
125,829,1
387,348,1
455,2688,1
271,3355,1
456,2176,1
295,2176,1
975,609,1
769,609,1
449,609,1
337,609,1
282,609,1
183,609,1
699,154,1
975,2249,1
989,349,1
85,2823,1
35,2329,1
620,2250,1
1037,2250,1
386,3137,1
136,3137,1
161,2872,1
788,1866,1
119,681,1
748,979,1
699,979,1
151,1470,1
634,1744,1
1025,1744,1
253,682,1
3,682,1
23,2251,1
271,2251,1
211,2543,1
699,2543,1
867,610,1
28,14,1
679,3220,1
978,683,1
69,214,1
136,1041,1
695,2177,1
868,1600,1
966,684,1
997,2873,1
699,2252,1
532,1933,1
574,2056,1
423,2939,1
805,215,1
785,3009,1
386,3138,1
719,830,1
292,411,1
219,3077,1
887,2615,1
475,2616,1
1006,2616,1
952,2616,1
72,2616,1
251,2616,1
888,2616,1
649,2616,1
331,2616,1
446,2616,1
543,1313,1
826,1313,1
85,1313,1
959,1313,1
1033,685,1
385,685,1
1031,685,1
449,1804,1
379,1042,1
485,1042,1
805,1042,1
16,1042,1
219,1169,1
393,3278,1
94,216,1
114,831,1
696,77,1
1001,1934,1
414,3078,1
196,3078,1
649,3078,1
738,3538,1
456,980,1
331,78,1
730,1935,1
952,1935,1
792,832,1
161,832,1
518,2178,1
951,412,1
225,549,1
934,15,1
543,1238,1
667,1936,1
455,1314,1
748,3409,1
292,1601,1
394,1110,1
338,1110,1
556,413,1
885,414,1
374,1043,1
423,1397,1
386,3410,1
78,479,1
1010,1867,1
574,1867,1
991,3079,1
105,2874,1
28,480,1
349,480,1
997,3010,1
494,3080,1
380,3080,1
1014,2406,1
129,550,1
226,3356,1
1036,3356,1
266,3356,1
842,1044,1
564,3139,1
161,2179,1
645,1111,1
253,3279,1
759,1530,1
543,1398,1
172,1398,1
713,833,1
6,2407,1
773,3411,1
271,2408,1
716,3412,1
423,746,1
863,1531,1
952,1170,1
454,350,1
808,3357,1
380,1670,1
946,1670,1
305,686,1
36,3413,1
649,2544,1
674,2544,1
132,2544,1
129,2544,1
748,351,1
954,1532,1
699,1532,1
859,2123,1
603,551,1
980,2474,1
599,834,1
253,834,1
254,687,1
489,687,1
137,1805,1
69,2475,1
806,217,1
258,217,1
954,352,1
101,352,1
495,352,1
432,352,1
100,2180,1
832,1745,1
761,2940,1
292,3414,1
878,1315,1
455,1671,1
306,1471,1
440,1533,1
94,1868,1
873,3280,1
402,3358,1
69,3358,1
29,835,1
90,835,1
935,1171,1
984,2476,1
824,1316,1
105,1316,1
192,1316,1
582,1316,1
176,1399,1
496,3476,1
17,1534,1
409,2875,1
547,1045,1
946,2409,1
44,415,1
432,2617,1
369,2617,1
70,1806,1
963,218,1
105,218,1
913,155,1
559,155,1
972,2876,1
492,2124,1
826,1869,1
105,1869,1
161,2545,1
454,1870,1
250,2253,1
521,16,1
129,16,1
137,3011,1
686,3011,1
101,219,1
197,3281,1
788,2770,1
916,1112,1
1000,2618,1
271,1535,1
101,1472,1
79,1871,1
62,1239,1
176,1672,1
455,1317,1
109,1317,1
934,1113,1
69,836,1
1002,836,1
699,1473,1
80,1473,1
531,2181,1
28,1172,1
129,1172,1
36,2330,1
699,904,1
161,1114,1
818,2182,1
803,2182,1
770,2182,1
572,2182,1
82,1992,1
175,2941,1
77,611,1
343,3539,1
449,2824,1
994,1115,1
141,2689,1
71,2877,1
497,688,1
429,688,1
913,747,1
730,747,1
589,2825,1
219,156,1
489,552,1
533,552,1
386,2331,1
818,1673,1
1025,79,1
369,553,1
94,553,1
395,553,1
536,553,1
393,553,1
792,3282,1
713,1602,1
997,2332,1
994,1240,1
773,2546,1
533,3477,1
377,80,1
795,80,1
360,80,1
157,80,1
254,80,1
649,80,1
22,1116,1
494,17,1
32,748,1
521,981,1
490,981,1
757,981,1
715,2254,1
594,2254,1
590,2125,1
781,18,1
452,2333,1
858,1603,1
386,220,1
603,2690,1
906,2619,1
71,2942,1
709,1117,1
105,1117,1
88,1117,1
449,292,1
553,2943,1
364,293,1
35,293,1
433,293,1
603,1241,1
69,1400,1
894,2878,1
150,2126,1
35,905,1
161,905,1
939,2477,1
699,2620,1
374,2620,1
432,1993,1
565,19,1
44,2771,1
750,2771,1
386,1807,1
349,1046,1
785,157,1
792,1318,1
620,416,1
273,1118,1
584,3359,1
852,81,1
997,3283,1
634,554,1
556,3540,1
965,1604,1
369,1604,1
450,158,1
1000,1994,1
826,1994,1
699,1994,1
523,1474,1
934,2944,1
566,982,1
748,612,1
579,2410,1
868,1674,1
428,689,1
423,837,1
35,2411,1
748,3284,1
748,906,1
699,3415,1
37,159,1
66,1995,1
922,1995,1
699,1995,1
889,2478,1
1007,2691,1
939,2057,1
667,1401,1
171,1401,1
920,160,1
868,555,1
224,983,1
161,2692,1
44,2879,1
192,82,1
841,1402,1
386,3012,1
198,3012,1
72,3012,1
795,3012,1
35,1536,1
132,2880,1
121,2880,1
18,2880,1
748,3541,1
258,1403,1
114,1403,1
467,1403,1
973,3140,1
720,838,1
386,838,1
748,1996,1
69,1119,1
197,839,1
699,1808,1
102,1809,1
997,294,1
105,221,1
129,222,1
94,295,1
95,161,1
367,1242,1
873,1242,1
699,3360,1
748,840,1
781,3542,1
214,556,1
486,2412,1
274,1810,1
748,3013,1
1016,1997,1
564,1243,1
432,1243,1
6,2058,1
970,2058,1
788,1173,1
575,1475,1
991,3285,1
761,223,1
386,2945,1
215,3361,1
35,1675,1
868,296,1
708,296,1
138,296,1
387,2255,1
377,1872,1
54,1244,1
94,3286,1
161,2334,1
861,2334,1
748,3543,1
519,2183,1
564,2772,1
591,2773,1
95,557,1
96,3362,1
258,1537,1
848,1537,1
161,2256,1
667,1811,1
80,1811,1
808,984,1
620,984,1
59,984,1
105,984,1
468,984,1
556,1998,1
934,1998,1
3,1746,1
832,1873,1
136,1476,1
205,985,1
1033,690,1
668,690,1
792,690,1
773,1747,1
717,749,1
258,2693,1
748,2184,1
699,3221,1
295,1174,1
449,2257,1
192,2257,1
414,2694,1
136,986,1
12,2127,1
280,2127,1
157,162,1
699,1937,1
386,3544,1
574,3544,1
105,3545,1
62,417,1
69,987,1
997,907,1
589,1120,1
386,1120,1
22,750,1
901,2185,1
450,2621,1
92,2621,1
136,1404,1
792,2128,1
449,1999,1
667,297,1
492,2059,1
603,3141,1
537,2129,1
788,2129,1
948,2129,1
170,83,1
564,353,1
718,3546,1
649,1748,1
69,481,1
600,1319,1
129,1175,1
377,2946,1
418,2946,1
105,2000,1
784,2479,1
699,613,1
699,2881,1
816,2774,1
997,2622,1
768,2130,1
242,558,1
498,354,1
456,418,1
776,418,1
69,2826,1
885,2001,1
556,1605,1
748,908,1
894,841,1
699,2547,1
533,1606,1
494,3142,1
894,1538,1
384,1538,1
833,2186,1
699,1047,1
826,751,1
219,751,1
939,1676,1
699,2002,1
748,2548,1
658,482,1
476,2131,1
994,691,1
454,2335,1
920,2060,1
161,2061,1
887,419,1
748,224,1
603,224,1
253,1405,1
748,988,1
641,909,1
750,3222,1
69,989,1
603,752,1
962,2623,1
868,1176,1
115,559,1
717,1749,1
567,1749,1
199,1749,1
136,3547,1
396,1245,1
161,1938,1
939,3548,1
952,3548,1
331,163,1
413,298,1
948,2695,1
970,1477,1
728,1874,1
699,1812,1
939,3549,1
449,1320,1
271,1478,1
603,3416,1
521,3416,1
432,1939,1
560,1939,1
96,3478,1
105,910,1
401,910,1
286,753,1
499,753,1
522,753,1
115,753,1
699,753,1
35,911,1
403,299,1
386,2062,1
736,1177,1
376,3550,1
359,420,1
1032,2187,1
7,2187,1
923,2187,1
533,1813,1
343,2132,1
32,2882,1
455,3143,1
452,1677,1
402,2413,1
750,2413,1
890,2413,1
295,3014,1
809,3014,1
82,3014,1
756,2063,1
377,2063,1
423,2063,1
428,2336,1
805,2549,1
287,1875,1
548,1178,1
579,2696,1
426,2696,1
997,2188,1
264,2188,1
73,2188,1
136,842,1
450,2064,1
283,2883,1
148,2883,1
139,1048,1
699,1048,1
556,2697,1
809,2414,1
893,1179,1
827,1179,1
298,692,1
556,2827,1
907,2827,1
95,300,1
1002,300,1
719,20,1
863,1321,1
69,1678,1
493,1121,1
760,1814,1
200,1815,1
213,1122,1
192,2947,1
176,1679,1
76,1679,1
225,1679,1
396,2884,1
948,2337,1
118,2337,1
386,2624,1
390,1406,1
192,1816,1
234,1680,1
803,1680,1
386,164,1
63,1322,1
595,1322,1
960,2133,1
568,2828,1
82,3015,1
603,2258,1
386,1323,1
877,1323,1
254,754,1
105,754,1
423,754,1
889,301,1
667,483,1
386,1539,1
171,1539,1
80,1539,1
402,1539,1
105,1539,1
748,1539,1
214,355,1
243,1876,1
171,165,1
386,165,1
82,1479,1
518,3144,1
792,2948,1
71,1940,1
36,2480,1
387,1681,1
574,2885,1
370,2885,1
85,2625,1
730,2625,1
855,1049,1
129,2949,1
374,614,1
827,21,1
566,84,1
386,2189,1
832,2189,1
675,2189,1
952,1540,1
997,3551,1
455,1324,1
176,2481,1
788,2698,1
755,1750,1
287,1750,1
974,1817,1
273,1817,1
401,1817,1
917,2950,1
553,3363,1
928,2415,1
803,3364,1
35,85,1
819,2259,1
455,2482,1
748,3365,1
1020,2416,1
433,2416,1
1010,3417,1
105,3417,1
873,3145,1
208,356,1
377,912,1
781,22,1
386,1246,1
1021,2065,1
69,1877,1
699,2338,1
69,2951,1
513,1682,1
782,1682,1
69,1682,1
975,560,1
224,23,1
699,1325,1
848,1325,1
816,166,1
667,3081,1
699,2775,1
18,3479,1
701,225,1
201,693,1
560,3480,1
69,3287,1
792,3146,1
455,1123,1
510,1123,1
650,302,1
584,24,1
500,226,1
858,1818,1
161,86,1
966,1541,1
493,2829,1
35,2952,1
499,3288,1
82,2339,1
776,2339,1
816,1407,1
790,1180,1
955,1180,1
254,87,1
748,2830,1
827,1247,1
419,1607,1
518,1608,1
410,357,1
799,357,1
423,913,1
452,3223,1
761,3223,1
105,3366,1
809,484,1
792,755,1
894,2886,1
235,756,1
584,756,1
427,1248,1
855,2831,1
1001,25,1
513,26,1
449,757,1
44,615,1
873,2260,1
423,2417,1
494,2550,1
386,694,1
500,421,1
111,421,1
456,3367,1
1010,1181,1
920,3224,1
219,1609,1
139,3147,1
161,1182,1
477,2551,1
44,2418,1
918,2626,1
192,2626,1
456,2626,1
797,2626,1
7,2190,1
139,2887,1
985,2191,1
286,2192,1
387,2192,1
94,2003,1
560,3368,1
129,2193,1
699,1249,1
25,88,1
889,2483,1
561,2483,1
603,485,1
868,422,1
753,89,1
850,1941,1
574,1183,1
513,1183,1
320,1183,1
38,1942,1
16,1942,1
699,2627,1
409,2627,1
475,2627,1
890,2627,1
320,2627,1
641,2627,1
510,2627,1
696,2627,1
59,2627,1
702,2627,1
429,2627,1
55,2627,1
129,2627,1
753,695,1
896,695,1
94,914,1
443,1819,1
376,3289,1
201,843,1
889,2340,1
410,3290,1
386,2484,1
139,2484,1
82,1610,1
748,486,1
94,27,1
993,27,1
33,1542,1
432,358,1
197,2776,1
70,2004,1
44,3369,1
22,3369,1
559,2552,1
310,2552,1
124,2552,1
518,2552,1
797,3148,1
699,487,1
680,1184,1
863,1184,1
242,3225,1
139,3225,1
64,2341,1
105,2341,1
129,1250,1
379,1751,1
997,1751,1
493,2194,1
541,1878,1
985,1878,1
946,1878,1
139,1878,1
161,1878,1
386,2553,1
608,2553,1
449,2888,1
493,1943,1
708,3016,1
803,3016,1
561,359,1
948,1326,1
35,360,1
253,1124,1
21,90,1
52,91,1
1011,91,1
430,91,1
882,91,1
94,2889,1
0,1408,1
161,1408,1
675,1408,1
244,990,1
699,3017,1
959,1409,1
224,2342,1
873,758,1
386,2261,1
118,488,1
696,92,1
385,2628,1
908,361,1
171,2419,1
699,915,1
258,2066,1
380,2066,1
561,2777,1
541,2777,1
518,3149,1
33,1683,1
580,916,1
351,2554,1
699,2554,1
1014,2554,1
197,1251,1
533,3370,1
955,3018,1
800,1252,1
788,2629,1
868,2778,1
620,696,1
644,3226,1
826,3481,1
699,3481,1
501,991,1
386,1327,1
161,1327,1
753,1125,1
753,2343,1
35,3082,1
251,3083,1
255,3083,1
64,3083,1
498,1611,1
868,227,1
292,1410,1
803,2832,1
35,561,1
388,2420,1
221,2134,1
13,2134,1
803,1612,1
380,1612,1
243,3084,1
386,1411,1
380,1411,1
432,1411,1
649,1185,1
0,167,1
387,168,1
584,3019,1
23,3019,1
471,3019,1
827,3371,1
874,2890,1
781,1879,1
564,3020,1
669,1328,1
952,1328,1
423,1328,1
157,3150,1
386,3482,1
70,3372,1
118,3373,1
4,3373,1
756,2005,1
343,2005,1
283,2630,1
781,2630,1
69,1412,1
105,3552,1
139,2262,1
94,1880,1
45,1050,1
680,1050,1
295,759,1
569,759,1
271,1613,1
601,1253,1
832,1253,1
699,1253,1
387,423,1
753,228,1
773,362,1
498,362,1
476,1126,1
864,1820,1
1035,1820,1
423,3151,1
206,3151,1
634,1543,1
972,2195,1
129,1480,1
803,1051,1
924,917,1
634,917,1
427,917,1
365,2196,1
798,2196,1
66,2196,1
634,1684,1
974,562,1
699,844,1
630,2833,1
388,1685,1
359,1685,1
258,1685,1
753,93,1
493,424,1
590,1614,1
235,1615,1
699,2779,1
669,992,1
699,760,1
787,760,1
227,169,1
136,169,1
181,169,1
939,2953,1
433,3483,1
105,3483,1
699,1329,1
75,1329,1
216,1413,1
493,2699,1
20,3152,1
783,1186,1
149,2197,1
305,3418,1
456,425,1
973,425,1
105,1187,1
814,563,1
254,3553,1
150,3553,1
94,3553,1
25,1616,1
512,1616,1
33,1616,1
88,1616,1
75,1616,1
788,1616,1
115,2954,1
267,2555,1
376,489,1
943,3419,1
1014,3419,1
288,229,1
965,1254,1
292,1254,1
963,1254,1
380,2421,1
404,2421,1
206,2421,1
129,2421,1
788,2421,1
890,2421,1
233,2421,1
828,1330,1
753,1881,1
161,918,1
92,1414,1
120,845,1
23,1255,1
411,1255,1
565,2344,1
331,564,1
0,3021,1
343,3021,1
907,28,1
728,170,1
654,170,1
785,2631,1
926,2263,1
667,2632,1
761,2632,1
868,2632,1
939,1331,1
2,1331,1
105,1331,1
934,1544,1
564,993,1
574,3420,1
259,3374,1
92,3484,1
675,3484,1
207,1052,1
989,1821,1
730,3554,1
105,2264,1
176,2264,1
803,1127,1
139,1127,1
225,2891,1
548,2265,1
538,1752,1
997,1753,1
654,2006,1
35,1053,1
891,1332,1
299,3227,1
423,2266,1
997,426,1
537,2892,1
161,2700,1
243,2834,1
561,3291,1
699,2556,1
94,3153,1
889,94,1
254,3022,1
914,1481,1
79,95,1
514,95,1
176,1256,1
788,846,1
992,1944,1
929,3228,1
634,3228,1
33,2557,1
565,1617,1
699,2780,1
902,1054,1
94,3555,1
452,2701,1
748,2955,1
420,2067,1
863,2485,1
115,2781,1
481,2781,1
82,363,1
4,363,1
868,363,1
733,1055,1
536,2486,1
512,2486,1
77,3292,1
119,96,1
955,761,1
902,761,1
585,2487,1
1006,490,1
378,490,1
360,490,1
564,490,1
413,1545,1
975,1056,1
533,1686,1
724,1057,1
211,2135,1
272,1945,1
1001,2198,1
518,3154,1
23,3023,1
88,171,1
312,2267,1
295,2267,1
80,2267,1
138,847,1
389,1188,1
259,2488,1
101,1257,1
387,1189,1
440,1189,1
493,3421,1
909,3421,1
1012,3421,1
498,2558,1
692,1482,1
82,848,1
256,427,1
929,1415,1
258,3085,1
556,1128,1
718,2199,1
556,697,1
105,1333,1
1037,762,1
305,762,1
868,1334,1
533,1618,1
951,919,1
393,2956,1
667,1258,1
1001,2136,1
827,2136,1
553,2136,1
386,565,1
302,1546,1
254,616,1
538,2702,1
494,3155,1
401,230,1
101,1259,1
873,698,1
868,2422,1
295,994,1
345,172,1
990,920,1
455,3293,1
726,1483,1
855,1483,1
156,2489,1
449,2559,1
97,2893,1
748,3156,1
574,3156,1
952,97,1
225,2200,1
129,1416,1
925,1416,1
339,3294,1
461,3024,1
271,3024,1
105,3024,1
486,1335,1
105,1335,1
781,1335,1
320,1335,1
524,2490,1
161,921,1
70,2633,1
859,3422,1
773,3422,1
561,491,1
649,763,1
213,763,1
253,566,1
81,1882,1
561,2268,1
702,617,1
561,1687,1
651,1687,1
69,2423,1
396,231,1
28,1336,1
228,699,1
194,1260,1
603,1261,1
82,618,1
832,1337,1
513,3086,1
254,1417,1
499,2560,1
101,2560,1
737,1058,1
56,1058,1
105,3485,1
6,492,1
1006,492,1
894,849,1
699,2068,1
579,1484,1
792,1338,1
105,3157,1
105,1339,1
471,1754,1
170,3375,1
456,764,1
761,764,1
947,764,1
493,764,1
258,1340,1
873,1262,1
1006,1547,1
955,1547,1
233,1547,1
298,1547,1
797,2561,1
448,2424,1
792,2703,1
906,2703,1
852,2703,1
448,1059,1
827,29,1
33,364,1
603,364,1
336,2007,1
10,3376,1
139,3376,1
603,3158,1
955,2835,1
744,1688,1
129,1883,1
901,2425,1
718,1060,1
37,1060,1
603,3295,1
449,3377,1
1010,2345,1
776,2345,1
161,1619,1
521,2957,1
997,2957,1
86,3087,1
887,30,1
890,30,1
318,3378,1
832,1418,1
282,365,1
661,365,1
994,1620,1
205,2704,1
423,2704,1
805,493,1
161,232,1
386,765,1
327,1548,1
993,1190,1
478,619,1
873,619,1
699,2426,1
197,3025,1
803,1621,1
221,2491,1
548,2492,1
166,3229,1
397,3229,1
398,2562,1
652,2562,1
849,3088,1
105,98,1
761,1061,1
498,3026,1
437,850,1
939,850,1
70,3027,1
82,2836,1
94,2782,1
235,2782,1
137,922,1
105,922,1
943,2201,1
254,2269,1
176,2069,1
868,3230,1
882,3486,1
82,3487,1
105,2202,1
658,2958,1
868,2958,1
275,1263,1
295,2705,1
349,2837,1
699,2837,1
730,2837,1
788,2346,1
254,99,1
437,766,1
574,2706,1
386,2706,1
699,2493,1
44,1341,1
795,2563,1
669,2563,1
456,2137,1
868,1755,1
807,2707,1
423,2347,1
387,173,1
952,851,1
331,1419,1
336,923,1
338,923,1
105,852,1
568,1191,1
930,3556,1
885,494,1
498,2634,1
873,2783,1
171,2783,1
258,1689,1
410,3296,1
667,567,1
952,767,1
456,3297,1
537,1485,1
788,3557,1
986,2838,1
94,2564,1
161,3089,1
773,303,1
623,3423,1
92,3423,1
795,3423,1
867,3423,1
423,3423,1
509,3423,1
129,3423,1
699,1342,1
615,428,1
734,233,1
207,233,1
518,1946,1
914,2070,1
418,2070,1
575,31,1
161,768,1
118,2635,1
713,2008,1
892,2008,1
338,2008,1
283,2008,1
890,3424,1
161,3424,1
929,3424,1
54,2636,1
498,3298,1
947,1622,1
112,2494,1
970,1756,1
1038,2270,1
516,3159,1
377,3379,1
832,2894,1
336,2138,1
6,2139,1
868,1343,1
266,1343,1
759,100,1
161,1947,1
756,3231,1
17,3231,1
163,304,1
562,3299,1
768,3299,1
978,3299,1
245,3299,1
643,3299,1
132,568,1
82,3028,1
855,1264,1
784,305,1
212,924,1
169,3488,1
295,2427,1
387,2895,1
129,2959,1
713,2203,1
253,2204,1
170,1344,1
926,1344,1
997,1344,1
161,32,1
286,3232,1
870,1062,1
161,769,1
504,1345,1
211,1345,1
975,495,1
356,174,1
952,496,1
475,496,1
824,496,1
105,496,1
386,496,1
827,2708,1
27,3160,1
1001,2960,1
198,2428,1
537,1063,1
28,3161,1
646,1064,1
258,1420,1
714,1420,1
271,1420,1
147,1065,1
258,101,1
492,995,1
792,2348,1
442,2709,1
943,306,1
386,1129,1
133,620,1
95,1066,1
62,700,1
377,366,1
80,2140,1
699,2140,1
105,3425,1
666,1192,1
449,1346,1
532,2141,1
136,2565,1
197,307,1
829,307,1
321,497,1
290,3233,1
748,1549,1
105,3489,1
947,996,1
258,1130,1
456,1690,1
14,1623,1
466,621,1
792,1948,1
449,1822,1
699,1822,1
687,1949,1
1025,3090,1
773,1624,1
952,429,1
35,3162,1
380,3162,1
386,3162,1
176,2961,1
1032,1550,1
454,1131,1
487,3426,1
1010,1132,1
785,3558,1
116,1691,1
494,2962,1
794,1950,1
428,308,1
295,430,1
386,234,1
0,234,1
730,33,1
947,102,1
1010,2271,1
384,3490,1
984,1193,1
105,1193,1
295,1193,1
936,1067,1
378,1067,1
495,1067,1
505,1067,1
33,1067,1
136,1067,1
82,1067,1
699,997,1
868,3163,1
748,2071,1
171,701,1
887,701,1
171,2710,1
184,2784,1
889,103,1
687,3491,1
44,3559,1
326,3559,1
1021,770,1
386,2072,1
603,2839,1
37,2839,1
380,1951,1
161,1951,1
305,1951,1
161,104,1
241,104,1
46,104,1
13,104,1
54,3300,1
645,2009,1
350,1265,1
76,1265,1
792,105,1
85,622,1
456,2073,1
349,498,1
699,498,1
44,498,1
471,2495,1
792,2495,1
54,2010,1
1008,2711,1
243,2272,1
652,2272,1
536,1757,1
136,569,1
1006,2712,1
360,2712,1
376,2712,1
141,3164,1
489,2566,1
951,3029,1
758,623,1
1001,1692,1
940,3560,1
504,3560,1
533,1347,1
990,1347,1
993,1486,1
82,1348,1
369,3165,1
308,3234,1
401,3166,1
885,3561,1
537,3561,1
235,3427,1
699,1884,1
433,235,1
95,235,1
384,235,1
494,2713,1
386,2840,1
494,2273,1
513,2273,1
797,1487,1
77,1487,1
137,1266,1
745,771,1
295,771,1
750,771,1
773,771,1
491,771,1
797,3030,1
254,1488,1
386,1885,1
159,1952,1
568,1952,1
292,2714,1
520,2429,1
161,1758,1
70,2496,1
533,2496,1
161,1489,1
35,853,1
623,499,1
715,2274,1
873,2274,1
666,34,1
827,2896,1
433,1759,1
375,624,1
349,624,1
118,2430,1
1002,772,1
699,772,1
72,854,1
920,854,1
986,773,1
970,3380,1
134,3235,1
926,3235,1
938,2963,1
699,1267,1
469,3091,1
54,3091,1
1001,925,1
386,500,1
756,2205,1
423,2142,1
243,2206,1
161,1068,1
709,926,1
95,926,1
788,2964,1
910,2964,1
878,3167,1
205,1551,1
726,1551,1
1022,1551,1
756,855,1
1003,2965,1
828,236,1
687,2715,1
647,1693,1
997,1490,1
492,1069,1
8,2897,1
6,2966,1
280,2966,1
299,2143,1
428,1953,1
997,1953,1
17,2349,1
751,2841,1
105,1760,1
386,2716,1
946,106,1
919,2497,1
574,2785,1
713,570,1
287,570,1
536,570,1
273,702,1
219,702,1
140,1694,1
784,1694,1
82,2717,1
449,367,1
717,367,1
96,367,1
105,367,1
708,175,1
387,3236,1
787,309,1
797,309,1
274,2498,1
669,2567,1
603,1761,1
603,571,1
873,2568,1
989,2499,1
359,1349,1
827,3168,1
129,1823,1
136,1886,1
449,431,1
313,35,1
105,35,1
69,1887,1
348,501,1
331,1625,1
59,1350,1
959,1350,1
952,2207,1
255,2207,1
824,2207,1
266,2569,1
518,774,1
377,2011,1
997,3031,1
66,3562,1
985,2500,1
320,2500,1
324,856,1
746,2012,1
499,2012,1
885,2012,1
452,176,1
787,368,1
181,368,1
713,368,1
449,368,1
253,2144,1
894,36,1
1039,3092,1
92,3492,1
18,3492,1
602,3492,1
479,2350,1
161,2350,1
423,1351,1
873,1351,1
828,1351,1
975,1351,1
423,2208,1
1016,2208,1
699,2637,1
748,2637,1
609,1888,1
287,1824,1
792,3301,1
649,310,1
449,2570,1
454,3302,1
699,3303,1
868,311,1
68,3093,1
156,1268,1
386,1268,1
931,1268,1
22,1268,1
450,1268,1
778,1268,1
226,1268,1
938,1268,1
423,1268,1
105,1268,1
100,1825,1
797,1825,1
952,1825,1
82,1825,1
273,1825,1
775,1825,1
1006,1825,1
393,625,1
560,775,1
650,3304,1
202,3094,1
699,3094,1
244,3094,1
827,1954,1
989,1133,1
848,2209,1
687,2209,1
784,1889,1
219,572,1
989,857,1
305,1762,1
729,1552,1
39,1552,1
105,1352,1
386,703,1
997,2074,1
708,2786,1
105,2786,1
901,3305,1
728,177,1
868,3493,1
748,1194,1
773,1194,1
254,2013,1
499,1070,1
628,1070,1
207,2718,1
699,237,1
480,2351,1
630,573,1
938,1695,1
386,1695,1
832,3032,1
730,2210,1
471,2210,1
622,2967,1
433,1553,1
678,1491,1
801,3237,1
1000,3237,1
314,3237,1
136,1626,1
193,1627,1
301,1627,1
202,626,1
589,1763,1
386,1353,1
161,238,1
384,3494,1
699,3494,1
444,1134,1
882,1134,1
549,1134,1
387,1826,1
219,2352,1
843,3381,1
820,3033,1
211,2787,1
88,2787,1
179,1890,1
934,2571,1
792,369,1
35,239,1
748,2353,1
276,2638,1
95,2638,1
37,927,1
176,2275,1
95,2075,1
343,1071,1
135,1071,1
335,1071,1
380,2276,1
16,2276,1
185,704,1
429,1195,1
497,1195,1
161,3563,1
456,998,1
343,1492,1
930,1354,1
955,502,1
197,3306,1
103,2572,1
54,37,1
471,999,1
909,858,1
598,107,1
93,1764,1
512,432,1
708,432,1
22,432,1
699,3307,1
980,2898,1
863,2898,1
756,2898,1
926,2898,1
236,1355,1
856,1355,1
852,38,1
114,39,1
1021,3034,1
974,1765,1
136,859,1
50,2277,1
86,2277,1
637,2277,1
7,2277,1
792,2277,1
1034,2277,1
287,2277,1
834,2277,1
248,2277,1
136,2431,1
19,627,1
850,627,1
229,627,1
161,2573,1
105,3095,1
96,3095,1
624,3095,1
433,3095,1
1013,1891,1
398,1891,1
699,3382,1
423,3382,1
513,3096,1
331,928,1
1013,2145,1
233,2788,1
748,1493,1
235,2968,1
620,1269,1
341,1269,1
497,1421,1
159,2639,1
699,1827,1
493,1827,1
952,860,1
151,2278,1
948,2278,1
393,2278,1
608,2278,1
33,240,1
832,1628,1
436,2432,1
584,1135,1
69,108,1
80,108,1
94,929,1
792,312,1
643,2501,1
518,1494,1
673,1955,1
64,1072,1
650,1356,1
773,370,1
556,2574,1
269,2574,1
928,2574,1
653,1073,1
161,3035,1
975,1629,1
305,1074,1
827,2076,1
94,3238,1
518,3097,1
21,930,1
271,2502,1
423,2502,1
101,2899,1
696,3036,1
730,3036,1
839,3239,1
634,3169,1
129,3169,1
132,1696,1
161,503,1
295,2640,1
198,2969,1
997,2503,1
826,2503,1
132,1422,1
22,1136,1
98,1136,1
409,861,1
529,2014,1
203,2970,1
795,2077,1
161,2077,1
795,1697,1
499,1697,1
105,1697,1
110,2354,1
126,628,1
792,628,1
129,2078,1
139,1495,1
851,1270,1
452,1828,1
82,3383,1
824,1554,1
2,3240,1
975,776,1
518,1766,1
791,1766,1
171,40,1
997,40,1
101,1000,1
105,3037,1
574,1829,1
183,1829,1
603,1271,1
832,1272,1
735,1272,1
96,1272,1
139,1272,1
271,1767,1
603,1075,1
1001,2211,1
797,3495,1
156,1137,1
966,2504,1
841,3564,1
56,2842,1
299,2842,1
22,2079,1
708,2079,1
751,3038,1
16,1768,1
386,3039,1
827,2575,1
784,2355,1
868,1830,1
361,1830,1
609,1830,1
380,3170,1
718,3170,1
603,2576,1
103,2279,1
787,629,1
848,2641,1
699,2641,1
386,3098,1
603,1138,1
713,3308,1
518,3309,1
512,3496,1
483,3496,1
386,777,1
139,1423,1
780,3241,1
44,3310,1
413,1496,1
920,3497,1
736,2719,1
603,371,1
386,41,1
82,3099,1
253,2080,1
452,2280,1
556,2720,1
455,1424,1
1012,1425,1
94,2081,1
254,1555,1
449,2843,1
337,1630,1
377,1630,1
1010,1630,1
454,862,1
425,2721,1
696,1497,1
533,3242,1
975,2356,1
521,2281,1
90,2281,1
161,1076,1
533,2505,1
82,1077,1
545,2900,1
197,3384,1
82,1498,1
409,1498,1
559,2212,1
568,2213,1
105,3243,1
715,3243,1
76,2146,1
533,1556,1
461,313,1
94,2147,1
298,2357,1
715,3311,1
748,1499,1
12,314,1
518,1956,1
336,2506,1
959,1631,1
859,2789,1
1021,3171,1
525,42,1
129,2901,1
399,3565,1
298,504,1
386,504,1
713,3312,1
456,1001,1
696,1001,1
380,1001,1
518,1001,1
431,43,1
105,3100,1
699,1892,1
826,1892,1
649,2082,1
105,2082,1
295,1769,1
256,109,1
928,863,1
667,863,1
911,1196,1
868,1357,1
792,2015,1
423,3172,1
967,778,1
338,778,1
153,1500,1
752,1500,1
539,1500,1
449,3313,1
452,3313,1
498,3428,1
437,2148,1
399,2083,1
338,1426,1
386,1426,1
868,2282,1
161,2282,1
773,1501,1
129,574,1
386,779,1
46,779,1
699,110,1
603,1698,1
792,2016,1
376,2433,1
636,3173,1
850,3173,1
832,1427,1
792,3101,1
202,505,1
432,505,1
395,780,1
96,1831,1
748,1078,1
869,1502,1
462,1502,1
254,1002,1
713,2844,1
44,2844,1
105,2844,1
962,1770,1
132,1557,1
456,931,1
94,931,1
3,931,1
784,3314,1
417,3314,1
131,575,1
780,575,1
654,3244,1
1008,2971,1
1010,2971,1
96,2971,1
105,2971,1
449,2971,1
1030,1503,1
432,2214,1
826,2577,1
1000,2577,1
45,315,1
432,315,1
868,3315,1
821,864,1
136,2084,1
949,2084,1
202,781,1
139,2902,1
252,2507,1
868,1197,1
105,1197,1
718,1197,1
716,372,1
238,1632,1
873,178,1
726,2508,1
1022,1198,1
534,1893,1
1001,1003,1
781,44,1
491,865,1
855,2790,1
197,3316,1
277,705,1
646,1358,1
624,3429,1
423,3245,1
413,2283,1
471,3385,1
646,3385,1
423,932,1
105,111,1
635,2358,1
403,630,1
1013,2284,1
559,1273,1
926,179,1
49,706,1
22,1699,1
788,1699,1
132,933,1
518,3317,1
58,1079,1
225,3566,1
782,1139,1
625,1139,1
23,1139,1
96,707,1
1006,631,1
564,631,1
1033,1633,1
855,1633,1
803,1771,1
134,782,1
968,782,1
82,782,1
595,2642,1
364,45,1
913,45,1
225,866,1
988,180,1
407,180,1
533,3318,1
377,3318,1
603,241,1
498,1700,1
803,1558,1
664,1080,1
76,1701,1
559,1701,1
564,1702,1
748,1702,1
521,2434,1
386,1703,1
92,3498,1
84,3498,1
246,3498,1
50,3499,1
64,3499,1
475,3499,1
255,3499,1
495,3499,1
776,3499,1
105,3499,1
759,3499,1
295,2085,1
96,2903,1
560,708,1
1000,112,1
124,2285,1
485,2285,1
873,2285,1
868,1832,1
556,373,1
470,3246,1
973,2972,1
730,1704,1
139,2578,1
873,709,1
139,709,1
94,2791,1
920,783,1
937,632,1
853,2215,1
344,242,1
903,1894,1
533,2643,1
896,710,1
336,1504,1
699,2086,1
873,576,1
271,1559,1
16,1004,1
699,867,1
376,934,1
161,243,1
809,1274,1
873,2149,1
6,2087,1
926,2087,1
894,2087,1
788,1505,1
926,1505,1
423,1505,1
105,1505,1
364,181,1
393,181,1
171,633,1
105,633,1
622,316,1
699,3430,1
289,1772,1
432,1081,1
667,506,1
773,1634,1
952,1428,1
952,1428,1
137,1428,1
137,1428,1
669,1428,1
669,1428,1
376,1428,1
376,1428,1
386,1833,1
748,1140,1
433,182,1
699,2644,1
680,2435,1
510,1005,1
315,1199,1
523,1006,1
410,1275,1
258,2359,1
225,2359,1
847,1082,1
99,784,1
726,784,1
708,784,1
16,1429,1
885,1429,1
35,1083,1
336,1705,1
14,1007,1
142,1007,1
972,3567,1
326,3174,1
603,1008,1
832,2436,1
186,244,1
199,244,1
594,244,1
456,2150,1
101,46,1
985,3431,1
603,1957,1
913,1276,1
868,634,1
386,2437,1
180,2216,1
565,2216,1
911,317,1
129,2438,1
254,47,1
386,47,1
1018,183,1
6,183,1
403,183,1
298,635,1
792,1560,1
893,711,1
103,711,1
223,2904,1
97,2904,1
643,2217,1
197,2792,1
1039,712,1
380,1834,1
537,1834,1
877,1834,1
564,2722,1
493,2722,1
939,2722,1
454,2845,1
541,2845,1
183,2845,1
295,1141,1
827,3247,1
889,184,1
559,1142,1
681,1084,1
785,1143,1
707,2286,1
158,433,1
344,3040,1
140,2723,1
1001,1430,1
94,1430,1
792,636,1
66,636,1
699,374,1
258,1706,1
69,1144,1
105,1144,1
35,2724,1
844,637,1
962,3248,1
832,2509,1
94,638,1
788,1895,1
748,2088,1
82,3319,1
818,1707,1
776,318,1
655,1635,1
409,2287,1
494,935,1
221,1561,1
985,2793,1
966,868,1
22,868,1
254,3249,1
432,2725,1
105,2725,1
200,2725,1
397,1835,1
748,936,1
699,3175,1
634,2218,1
433,1773,1
816,3500,1
137,1009,1
708,1009,1
105,375,1
730,2017,1
748,2017,1
699,3320,1
887,507,1
699,1431,1
129,1896,1
94,1708,1
227,434,1
835,2439,1
870,2905,1
369,2905,1
456,3041,1
896,376,1
434,2973,1
895,2973,1
537,1774,1
70,1774,1
76,1958,1
197,319,1
176,2219,1
970,2219,1
946,2579,1
920,3176,1
127,2974,1
985,2974,1
253,2974,1
105,3432,1
699,3568,1
409,3177,1
336,3177,1
292,785,1
322,3102,1
623,3102,1
362,3102,1
82,3102,1
574,1277,1
47,1010,1
454,245,1
567,2288,1
512,2288,1
254,2288,1
497,869,1
380,869,1
713,2289,1
920,435,1
1019,435,1
393,435,1
423,435,1
788,435,1
105,435,1
370,1085,1
423,3569,1
76,577,1
110,577,1
298,577,1
221,577,1
608,577,1
295,3042,1
105,2360,1
271,1709,1
161,113,1
455,114,1
328,2580,1
136,2906,1
105,2906,1
856,2581,1
792,2361,1
533,713,1
567,1432,1
136,1432,1
564,3043,1
981,3044,1
386,1636,1
386,2151,1
994,3045,1
943,3045,1
651,3321,1
699,3321,1
96,2362,1
129,2975,1
972,2363,1
868,2645,1
1002,2645,1
115,714,1
778,1011,1
952,1011,1
827,3250,1
161,1710,1
381,2510,1
456,115,1
533,115,1
266,185,1
533,1562,1
258,2907,1
295,2582,1
136,246,1
414,1637,1
997,2089,1
997,1959,1
654,1278,1
384,1279,1
785,1086,1
630,2646,1
378,2646,1
395,2646,1
23,3178,1
343,1433,1
926,3103,1
666,3103,1
69,2647,1
171,2647,1
748,1836,1
336,1897,1
238,1897,1
501,1960,1
449,2726,1
497,3433,1
688,2648,1
423,937,1
69,639,1
634,639,1
221,320,1
456,2908,1
307,3179,1
96,3179,1
16,1280,1
500,3570,1
431,1200,1
537,1200,1
699,715,1
84,3571,1
651,3571,1
564,3434,1
917,3434,1
486,3180,1
5,2220,1
699,716,1
380,716,1
916,3046,1
737,116,1
137,786,1
533,1281,1
438,717,1
215,508,1
94,2152,1
437,3181,1
343,2018,1
623,377,1
1001,2909,1
518,2511,1
664,3572,1
271,509,1
792,436,1
82,578,1
750,437,1
161,2512,1
730,2976,1
974,2976,1
27,1638,1
136,438,1
498,1012,1
70,1775,1
242,510,1
242,2440,1
161,2440,1
20,3322,1
101,511,1
129,1282,1
82,3573,1
295,2727,1
699,3182,1
553,1711,1
414,1711,1
105,1434,1
386,2649,1
533,1961,1
713,1961,1
137,1961,1
161,3501,1
803,2221,1
295,3104,1
161,1837,1
1021,1087,1
920,579,1
883,439,1
966,439,1
703,439,1
633,439,1
617,439,1
32,439,1
873,2441,1
247,2441,1
889,3251,1
603,3435,1
802,3435,1
449,2728,1
440,378,1
832,3252,1
304,1435,1
1010,1435,1
994,3502,1
828,2910,1
20,2910,1
26,870,1
930,2513,1
486,2090,1
713,2090,1
682,1201,1
166,1201,1
861,1639,1
253,1639,1
906,1145,1
192,2977,1
987,2977,1
423,2977,1
326,2977,1
119,2977,1
873,1563,1
730,1563,1
69,2911,1
970,3574,1
94,1640,1
253,1202,1
640,1202,1
137,3503,1
600,512,1
873,640,1
667,641,1
792,321,1
761,1436,1
463,642,1
44,3323,1
22,3323,1
295,2583,1
1039,379,1
1015,1564,1
161,1564,1
105,580,1
821,580,1
576,2442,1
500,2442,1
111,2442,1
816,2442,1
676,2442,1
730,787,1
748,322,1
888,788,1
360,788,1
512,788,1
287,788,1
199,788,1
1006,788,1
402,788,1
423,788,1
475,788,1
717,788,1
948,788,1
824,788,1
105,788,1
6,643,1
393,1283,1
197,1283,1
171,1283,1
792,440,1
968,1088,1
966,1088,1
868,117,1
230,1437,1
136,2364,1
386,1898,1
339,789,1
491,247,1
343,248,1
13,118,1
682,118,1
985,118,1
100,3504,1
959,323,1
197,3324,1
207,2978,1
197,2650,1
1031,2091,1
343,2846,1
129,871,1
95,938,1
414,581,1
161,1712,1
667,3253,1
161,513,1
433,2729,1
487,119,1
796,1776,1
198,1565,1
492,2847,1
405,2847,1
721,1146,1
30,1146,1
69,120,1
997,3436,1
82,514,1
336,515,1
965,1641,1
784,3183,1
390,2979,1
13,1089,1
718,3047,1
171,3047,1
423,1899,1
94,324,1
966,2912,1
376,2912,1
713,1713,1
699,3575,1
863,3575,1
887,939,1
699,1359,1
386,2848,1
675,2848,1
335,2848,1
518,3325,1
634,940,1
452,3505,1
494,941,1
3,644,1
556,380,1
699,645,1
176,718,1
792,3105,1
890,2849,1
826,2365,1
518,2365,1
69,2365,1
994,1777,1
947,1777,1
970,1438,1
1032,186,1
990,186,1
518,186,1
543,1013,1
603,325,1
433,2153,1
286,1778,1
88,1778,1
105,942,1
827,1779,1
568,2222,1
80,2222,1
433,3048,1
82,2223,1
471,1203,1
634,790,1
997,1506,1
96,1506,1
620,943,1
423,943,1
423,187,1
699,3386,1
667,3386,1
952,2584,1
219,2092,1
675,2092,1
700,2443,1
449,2290,1
610,2290,1
711,2290,1
751,1360,1
810,1360,1
894,2019,1
105,2019,1
130,1014,1
450,2651,1
518,3437,1
147,3437,1
359,249,1
832,3438,1
136,121,1
105,2585,1
998,2585,1
637,872,1
105,872,1
792,2366,1
699,2093,1
271,2794,1
305,1962,1
518,3184,1
797,326,1
785,326,1
436,1714,1
689,2652,1
699,1204,1
877,1204,1
136,1963,1
420,2980,1
161,1361,1
523,2730,1
35,2730,1
790,2730,1
251,1147,1
795,1147,1
536,1147,1
115,1090,1
548,1090,1
873,2731,1
105,3254,1
101,3254,1
155,2514,1
502,3326,1
1035,1642,1
603,1642,1
699,944,1
699,2850,1
59,2850,1
95,2981,1
401,250,1
852,1566,1
834,1148,1
699,122,1
161,1362,1
343,719,1
22,3387,1
147,2367,1
824,3185,1
210,3185,1
427,2291,1
371,516,1
22,1900,1
171,3255,1
997,3106,1
129,3106,1
873,3106,1
748,123,1
423,3049,1
482,3049,1
803,3186,1
451,945,1
931,945,1
343,1567,1
243,2444,1
337,2444,1
799,2444,1
827,873,1
258,2653,1
299,720,1
623,2851,1
271,874,1
161,874,1
699,1205,1
560,1838,1
410,1838,1
1022,2795,1
161,2795,1
161,2368,1
40,251,1
603,3506,1
423,2094,1
910,3507,1
803,2913,1
1000,582,1
651,582,1
699,2095,1
386,3508,1
759,2732,1
858,2982,1
266,2292,1
386,2293,1
276,2293,1
518,3439,1
997,517,1
247,1964,1
696,1964,1
346,1964,1
270,1964,1
718,1964,1
215,1964,1
432,1964,1
832,791,1
730,2733,1
161,2733,1
386,1363,1
485,3327,1
675,3327,1
421,3327,1
699,2020,1
37,2020,1
136,3107,1
997,3107,1
214,327,1
280,2096,1
668,2445,1
970,721,1
784,2154,1
699,381,1
176,1364,1
699,3256,1
452,792,1
699,1568,1
256,1780,1
797,2914,1
94,2914,1
998,252,1
387,252,1
572,252,1
450,2224,1
668,646,1
809,646,1
397,646,1
751,2446,1
792,2446,1
584,793,1
92,793,1
225,793,1
80,1507,1
69,1507,1
827,794,1
354,2654,1
868,647,1
3,3576,1
225,3576,1
258,1149,1
293,1439,1
101,1439,1
71,1015,1
3,2734,1
82,2735,1
87,2735,1
92,2369,1
225,2369,1
834,1365,1
497,1365,1
829,1365,1
35,795,1
69,795,1
0,3577,1
114,3577,1
603,3440,1
423,796,1
437,648,1
105,648,1
751,648,1
603,648,1
211,3509,1
380,2655,1
455,2655,1
450,2655,1
362,2655,1
543,2655,1
878,441,1
455,2915,1
271,2097,1
718,797,1
692,2098,1
17,875,1
928,3388,1
699,3388,1
254,3388,1
500,3510,1
828,124,1
713,876,1
498,1901,1
537,3187,1
568,1284,1
584,48,1
105,48,1
423,48,1
94,48,1
649,2736,1
75,2656,1
69,2099,1
127,2447,1
970,946,1
586,946,1
512,946,1
129,946,1
753,3389,1
603,2852,1
482,1091,1
433,3108,1
82,1965,1
501,2657,1
572,583,1
730,2225,1
403,2983,1
649,2658,1
827,649,1
845,3328,1
746,3328,1
930,1508,1
533,125,1
129,947,1
233,328,1
766,1016,1
110,1016,1
486,1016,1
600,1016,1
800,584,1
781,584,1
885,584,1
1018,584,1
187,49,1
96,50,1
731,50,1
44,50,1
379,50,1
832,3188,1
258,2659,1
737,1017,1
699,2226,1
426,1285,1
2,2448,1
776,126,1
894,126,1
784,1509,1
295,127,1
248,127,1
952,127,1
355,127,1
526,127,1
270,127,1
452,127,1
803,1018,1
603,2660,1
387,188,1
70,585,1
628,2100,1
69,2100,1
331,329,1
105,2294,1
387,1206,1
380,2916,1
349,2916,1
603,2916,1
553,442,1
33,1286,1
454,443,1
225,443,1
997,51,1
485,3189,1
803,3189,1
259,2796,1
814,1207,1
44,1207,1
561,253,1
494,948,1
348,948,1
402,3511,1
299,1569,1
792,1570,1
832,1570,1
25,1902,1
258,1902,1
94,1781,1
69,798,1
975,798,1
402,1966,1
859,722,1
730,722,1
699,722,1
814,2984,1
387,2917,1
225,3441,1
600,3578,1
1017,3578,1
340,3578,1
33,949,1
794,3050,1
336,3050,1
620,3050,1
156,3050,1
901,3579,1
254,3390,1
225,3442,1
603,3442,1
889,3391,1
1010,2227,1
783,2515,1
379,2515,1
456,444,1
748,444,1
423,2449,1
333,2228,1
748,799,1
628,3109,1
161,3109,1
748,3392,1
280,3329,1
219,2985,1
623,2985,1
998,1643,1
905,2370,1
455,800,1
939,800,1
161,445,1
699,950,1
488,1150,1
339,2918,1
795,2918,1
784,586,1
482,2101,1
161,189,1
881,189,1
393,189,1
59,2155,1
93,128,1
70,190,1
827,3257,1
855,2737,1
846,2737,1
703,2737,1
161,3512,1
518,2853,1
234,587,1
376,587,1
82,1644,1
433,2919,1
553,254,1
917,330,1
136,330,1
327,191,1
863,3443,1
699,1967,1
928,1967,1
394,1019,1
910,1019,1
105,1019,1
699,382,1
792,518,1
386,2295,1
603,3330,1
997,2516,1
543,2854,1
920,3513,1
295,877,1
387,2797,1
382,1968,1
961,1968,1
349,2156,1
413,2156,1
922,52,1
45,52,1
626,1092,1
22,1092,1
85,1092,1
69,1782,1
587,3580,1
518,3580,1
537,3580,1
654,1571,1
1001,1571,1
491,1571,1
887,1571,1
428,1510,1
541,2661,1
454,2661,1
807,446,1
423,446,1
896,3051,1
525,2855,1
1006,2855,1
129,2855,1
583,2021,1
134,3393,1
603,588,1
437,2798,1
323,2798,1
35,2798,1
254,1366,1
263,3110,1
699,1208,1
271,447,1
975,2229,1
556,2586,1
301,1839,1
456,1839,1
314,1839,1
258,2920,1
82,255,1
696,53,1
708,3111,1
197,383,1
605,383,1
75,3394,1
889,2799,1
759,2986,1
197,3112,1
386,723,1
518,3052,1
105,2662,1
699,3113,1
997,1572,1
561,2587,1
432,951,1
792,2450,1
645,2450,1
356,2450,1
699,2987,1
1000,256,1
155,1903,1
494,1715,1
748,1715,1
699,2921,1
942,1511,1
254,3444,1
82,448,1
707,3331,1
668,3331,1
427,3331,1
792,3331,1
901,3331,1
277,1840,1
386,1840,1
79,519,1
920,519,1
304,2922,1
94,2588,1
677,2022,1
792,650,1
386,2371,1
926,724,1
827,724,1
395,1716,1
937,3581,1
952,2372,1
704,801,1
260,129,1
873,1367,1
139,1209,1
341,1209,1
568,1209,1
533,1151,1
699,3582,1
349,1210,1
221,1210,1
644,192,1
750,2023,1
970,2023,1
688,2157,1
70,2373,1
728,2373,1
622,2373,1
137,2373,1
992,2373,1
360,2373,1
776,2373,1
885,2373,1
449,2024,1
553,1841,1
82,1287,1
340,2296,1
543,449,1
105,384,1
860,384,1
278,384,1
792,2800,1
384,2800,1
258,3583,1
386,1368,1
572,1368,1
699,1368,1
865,1152,1
679,257,1
423,257,1
423,1904,1
518,3114,1
39,1969,1
501,3115,1
761,3115,1
1037,2856,1
550,2738,1
1001,3584,1
699,450,1
699,1783,1
136,802,1
219,802,1
339,802,1
88,130,1
963,130,1
997,130,1
582,1288,1
992,1288,1
649,1288,1
655,1288,1
603,385,1
928,1020,1
653,1020,1
417,725,1
397,1289,1
219,3258,1
105,803,1
948,520,1
699,1905,1
785,193,1
362,1211,1
69,386,1
137,1645,1
973,1512,1
820,1646,1
699,1784,1
645,1440,1
386,3116,1
533,1717,1
603,1021,1
1021,1718,1
748,589,1
94,2663,1
88,451,1
536,1093,1
369,1093,1
907,2517,1
150,2517,1
386,1290,1
253,1290,1
814,952,1
482,2923,1
818,2857,1
202,2857,1
803,2589,1
1000,131,1
885,1785,1
395,1022,1
873,258,1
295,2858,1
161,3332,1
699,2374,1
223,387,1
132,2518,1
781,388,1
832,1786,1
753,1842,1
658,1842,1
608,1842,1
129,1842,1
975,1842,1
82,1842,1
989,1842,1
990,1842,1
898,259,1
564,2590,1
603,651,1
718,1094,1
699,2451,1
848,2451,1
493,1647,1
855,331,1
456,1573,1
253,1970,1
44,878,1
96,878,1
750,1441,1
542,54,1
773,590,1
989,1574,1
572,389,1
567,1095,1
708,1095,1
161,521,1
494,452,1
946,2924,1
566,1719,1
336,3333,1
369,2102,1
890,260,1
930,260,1
748,2925,1
1009,953,1
682,2452,1
696,261,1
541,1442,1
659,1442,1
889,2375,1
343,2158,1
233,2801,1
304,652,1
894,132,1
105,1443,1
136,1212,1
457,1153,1
376,1153,1
518,1153,1
105,1153,1
926,1153,1
254,1153,1
778,1153,1
584,1153,1
55,2802,1
423,2453,1
43,2453,1
777,3395,1
998,3395,1
622,1906,1
478,879,1
2,2591,1
402,390,1
161,2739,1
292,1907,1
649,133,1
762,134,1
516,134,1
336,2926,1
832,391,1
782,2592,1
752,2592,1
699,2592,1
417,2025,1
952,2376,1
537,1908,1
386,880,1
934,2230,1
536,2740,1
114,591,1
603,1787,1
224,1575,1
105,1575,1
901,3190,1
280,3190,1
64,3191,1
603,3191,1
499,1720,1
423,1720,1
254,1023,1
359,1023,1
82,1023,1
380,954,1
161,954,1
82,332,1
1026,2803,1
71,2804,1
85,592,1
965,1576,1
803,2026,1
401,1843,1
750,1844,1
1000,2519,1
650,3445,1
105,3445,1
885,262,1
450,1909,1
199,1909,1
634,2231,1
748,2027,1
699,1513,1
454,3117,1
455,804,1
826,804,1
170,2377,1
887,3192,1
171,453,1
132,453,1
369,453,1
797,2593,1
105,2593,1
559,2593,1
566,454,1
788,194,1
603,2664,1
299,2103,1
648,2103,1
699,455,1
776,593,1
376,593,1
666,653,1
54,1788,1
386,3446,1
567,3446,1
533,3446,1
814,2741,1
161,805,1
795,2742,1
634,2594,1
17,881,1
69,2297,1
670,2297,1
797,3193,1
48,2378,1
699,55,1
22,3334,1
952,2232,1
974,594,1
69,1369,1
295,333,1
386,2927,1
305,2927,1
320,3447,1
161,3447,1
320,2298,1
129,2298,1
965,392,1
95,3585,1
959,1789,1
699,135,1
3,3259,1
409,3259,1
289,2299,1
136,456,1
475,456,1
784,1213,1
197,726,1
161,2520,1
171,2520,1
161,1790,1
454,195,1
303,195,1
584,3118,1
997,1214,1
88,1214,1
998,1214,1
803,3194,1
173,2379,1
129,1648,1
331,1910,1
398,595,1
713,263,1
258,263,1
889,882,1
151,3053,1
918,1444,1
225,1577,1
667,3119,1
105,2233,1
449,2159,1
132,1514,1
326,3586,1
533,3587,1
456,1215,1
288,1154,1
777,1154,1
452,806,1
865,2234,1
456,1911,1
292,1911,1
683,1911,1
776,1911,1
536,1911,1
129,1911,1
882,1911,1
966,1911,1
379,1911,1
792,1911,1
548,1911,1
854,1911,1
479,2595,1
776,2595,1
402,2595,1
559,2595,1
164,2595,1
538,2595,1
254,2595,1
788,2595,1
634,2595,1
564,2595,1
603,3588,1
564,457,1
129,596,1
699,2300,1
386,1649,1
69,136,1
696,3448,1
161,3448,1
69,2380,1
699,1096,1
493,1096,1
767,2028,1
94,3054,1
286,1445,1
88,1445,1
423,1445,1
651,1445,1
494,1445,1
603,264,1
699,264,1
386,2665,1
917,727,1
498,1650,1
640,265,1
75,265,1
998,265,1
454,265,1
603,265,1
834,3449,1
219,2805,1
965,955,1
27,1446,1
118,1651,1
748,728,1
641,2381,1
912,883,1
94,393,1
699,3260,1
435,458,1
340,654,1
303,2596,1
761,3589,1
423,1912,1
533,2988,1
776,2989,1
708,2989,1
511,1291,1
730,3514,1
387,3515,1
92,2743,1
868,3120,1
134,1913,1
952,1913,1
82,2235,1
237,1370,1
143,1370,1
266,2597,1
177,2806,1
889,2454,1
622,1447,1
386,2104,1
399,956,1
62,3335,1
428,2859,1
386,196,1
559,884,1
439,3516,1
406,3516,1
596,3516,1
822,3516,1
551,3516,1
343,2455,1
478,197,1
699,3336,1
35,807,1
276,807,1
699,807,1
95,1448,1
1002,1448,1
748,1914,1
748,459,1
537,885,1
202,2236,1
533,3590,1
423,2521,1
603,2807,1
118,597,1
553,2382,1
105,3591,1
254,2029,1
35,729,1
1010,2383,1
95,2383,1
748,2808,1
414,1791,1
667,3450,1
197,1915,1
814,2860,1
390,1371,1
900,1372,1
387,3261,1
161,1216,1
542,3199,1
284,2030,1
518,198,1
312,1373,1
688,2031,1
778,2598,1
136,2032,1
699,3451,1
603,1792,1
699,957,1
637,2599,1
393,2599,1
105,2599,1
748,3452,1
748,1916,1
828,886,1
699,2522,1
592,2522,1
386,808,1
592,1578,1
815,1721,1
997,3195,1
781,1024,1
225,1024,1
171,1155,1
699,887,1
739,2861,1
387,3262,1
203,2862,1
498,2384,1
748,958,1
699,3453,1
479,3453,1
894,3453,1
455,1217,1
161,199,1
885,3196,1
197,137,1
171,137,1
1001,200,1
394,334,1
826,2666,1
136,2666,1
552,460,1
455,598,1
498,598,1
584,598,1
450,2863,1
1016,2863,1
380,2863,1
76,1579,1
69,1579,1
299,394,1
954,394,1
753,2033,1
989,2033,1
890,959,1
6,2667,1
197,2301,1
1001,2456,1
564,2237,1
280,1025,1
755,3263,1
939,3263,1
699,1156,1
82,1652,1
202,1793,1
456,960,1
518,201,1
437,1218,1
147,2809,1
253,1219,1
916,3337,1
699,3264,1
161,1220,1
331,888,1
115,888,1
792,655,1
518,2600,1
292,3197,1
283,3197,1
409,599,1
734,889,1
795,889,1
64,889,1
475,889,1
161,202,1
903,1374,1
384,2990,1
197,2034,1
718,2744,1
136,3265,1
718,266,1
997,809,1
348,1917,1
708,1917,1
333,1917,1
598,1917,1
363,1292,1
561,1292,1
443,1292,1
249,2668,1
852,2385,1
362,1375,1
243,656,1
792,2928,1
23,2601,1
518,657,1
180,657,1
966,657,1
380,657,1
136,2864,1
105,56,1
781,56,1
136,2238,1
748,1722,1
101,890,1
377,890,1
359,890,1
315,2929,1
423,2239,1
494,3396,1
132,3338,1
211,3338,1
176,730,1
827,2302,1
197,3454,1
533,1157,1
159,1026,1
518,522,1
271,3055,1
161,461,1
69,1097,1
69,2105,1
634,2865,1
82,3517,1
512,2745,1
483,2745,1
647,2745,1
333,2745,1
23,3056,1
961,3056,1
170,1653,1
728,3518,1
0,138,1
667,658,1
784,3121,1
620,3198,1
769,2866,1
623,1515,1
479,1515,1
699,2035,1
556,2036,1
699,139,1
128,2160,1
397,3592,1
609,2810,1
76,2810,1
896,2810,1
386,1918,1
628,2037,1
792,3519,1
129,1293,1
295,2991,1
1000,2811,1
773,1723,1
311,1449,1
452,1449,1
94,1449,1
498,1919,1
829,1919,1
973,1919,1
376,57,1
69,57,1
136,3057,1
969,1376,1
603,1376,1
827,140,1
579,3339,1
423,2303,1
129,2303,1
1016,2303,1
161,1845,1
169,2746,1
675,2746,1
393,3520,1
320,2457,1
299,2457,1
