order_item_id,order_id,product_id,quantity,unit_price,total_price
1,896,8,1,131.47,131.47
2,461,6,3,205.51,616.53
3,357,25,1,463.92,463.92
4,450,3,1,333.28,333.28
5,795,15,2,394.46,788.92
6,215,10,5,117.91,589.55
7,706,4,3,268.56,805.68
8,882,23,5,227.13,1135.65
9,648,8,4,131.47,525.88
10,170,18,5,339.95,1699.75
11,143,19,2,207.28,414.56
12,834,6,2,205.51,411.02
13,825,10,1,117.91,117.91
14,584,4,3,268.56,805.68
15,546,17,3,217.55,652.65
16,612,4,5,268.56,1342.8
17,173,1,3,474.01,1422.03
18,721,3,3,333.28,999.84
19,297,9,5,20.31,101.55
20,274,15,5,394.46,1972.3
21,922,13,1,337.8,337.8
22,139,10,4,117.91,471.64
23,941,18,1,339.95,339.95
24,284,8,2,131.47,262.94
25,719,8,2,131.47,262.94
26,256,23,2,227.13,454.26
27,729,20,3,131.84,395.52
28,849,5,2,465.17,930.34
29,780,21,4,229.82,919.28
30,502,5,2,465.17,930.34
31,592,17,3,217.55,652.65
32,643,10,4,117.91,471.64
33,385,19,4,207.28,829.12
34,78,4,1,268.56,268.56
35,413,1,5,474.01,2370.05
36,768,21,3,229.82,689.46
37,712,23,3,227.13,681.39
38,466,5,4,465.17,1860.68
39,336,23,5,227.13,1135.65
40,3,7,1,450.81,450.81
41,749,7,4,450.81,1803.24
42,651,14,3,74.83,224.49
43,871,15,1,394.46,394.46
44,815,24,5,329.55,1647.75
45,408,25,2,463.92,927.84
46,992,8,4,131.47,525.88
47,845,1,2,474.01,948.02
48,507,19,3,207.28,621.84
49,331,2,3,409.85,1229.55
50,346,4,5,268.56,1342.8
51,592,15,2,394.46,788.92
52,580,11,4,122.18,488.72
53,808,9,3,20.31,60.93
54,916,5,1,465.17,465.17
55,48,24,1,329.55,329.55
56,642,16,4,56.22,224.88
57,17,2,1,409.85,409.85
58,952,22,2,146.49,292.98
59,452,8,4,131.47,525.88
60,1,10,4,117.91,471.64
61,208,11,2,122.18,244.36
62,904,8,3,131.47,394.41
63,163,8,3,131.47,394.41
64,96,23,3,227.13,681.39
65,257,17,1,217.55,217.55
66,381,13,2,337.8,675.6
67,54,22,4,146.49,585.96
68,641,4,3,268.56,805.68
69,744,20,2,131.84,263.68
70,440,13,1,337.8,337.8
71,721,21,1,229.82,229.82
72,2,5,2,465.17,930.34
73,489,10,1,117.91,117.91
74,136,13,5,337.8,1689.0
75,232,8,5,131.47,657.35
76,697,9,4,20.31,81.24
77,10,2,1,409.85,409.85
78,713,20,3,131.84,395.52
79,837,3,1,333.28,333.28
80,881,22,4,146.49,585.96
81,711,10,2,117.91,235.82
82,490,10,1,117.91,117.91
83,235,15,4,394.46,1577.84
84,92,12,1,44.72,44.72
85,106,15,3,394.46,1183.38
86,377,19,3,207.28,621.84
87,141,15,4,394.46,1577.84
88,793,9,2,20.31,40.62
89,657,11,2,122.18,244.36
90,71,16,5,56.22,281.1
91,577,5,1,465.17,465.17
92,625,17,2,217.55,435.1
93,451,9,3,20.31,60.93
94,740,10,2,117.91,235.82
95,644,23,2,227.13,454.26
96,942,4,4,268.56,1074.24
97,631,7,4,450.81,1803.24
98,881,14,2,74.83,149.66
99,89,21,1,229.82,229.82
100,144,4,1,268.56,268.56
101,604,11,4,122.18,488.72
102,360,10,4,117.91,471.64
103,323,24,2,329.55,659.1
104,254,25,3,463.92,1391.76
105,661,7,1,450.81,450.81
106,255,24,5,329.55,1647.75
107,616,16,5,56.22,281.1
108,739,3,5,333.28,1666.4
109,292,18,1,339.95,339.95
110,869,1,3,474.01,1422.03
111,211,5,5,465.17,2325.85
112,622,1,5,474.01,2370.05
113,194,21,4,229.82,919.28
114,303,19,1,207.28,207.28
115,803,10,2,117.91,235.82
116,507,1,4,474.01,1896.04
117,116,15,2,394.46,788.92
118,512,2,5,409.85,2049.25
119,73,25,5,463.92,2319.6
120,911,20,1,131.84,131.84
121,370,11,3,122.18,366.54
122,136,1,4,474.01,1896.04
123,882,17,5,217.55,1087.75
124,431,12,3,44.72,134.16
125,560,8,2,131.47,262.94
126,782,22,4,146.49,585.96
127,978,20,1,131.84,131.84
128,18,11,5,122.18,610.9
129,70,15,1,394.46,394.46
130,269,22,2,146.49,292.98
131,41,8,1,131.47,131.47
132,972,21,4,229.82,919.28
133,519,17,3,217.55,652.65
134,644,2,5,409.85,2049.25
135,786,11,4,122.18,488.72
136,434,2,4,409.85,1639.4
137,85,7,5,450.81,2254.05
138,551,9,5,20.31,101.55
139,157,15,3,394.46,1183.38
140,86,17,3,217.55,652.65
141,81,2,5,409.85,2049.25
142,944,24,2,329.55,659.1
143,998,11,2,122.18,244.36
144,550,22,3,146.49,439.47
145,401,2,5,409.85,2049.25
146,650,22,1,146.49,146.49
147,318,23,4,227.13,908.52
148,748,8,2,131.47,262.94
149,60,11,2,122.18,244.36
150,89,19,4,207.28,829.12
151,119,14,4,74.83,299.32
152,627,22,5,146.49,732.45
153,57,17,3,217.55,652.65
154,683,13,2,337.8,675.6
155,123,6,1,205.51,205.51
156,725,6,2,205.51,411.02
157,719,6,1,205.51,205.51
158,168,7,4,450.81,1803.24
159,976,18,3,339.95,1019.85
160,536,5,5,465.17,2325.85
161,802,12,3,44.72,134.16
162,171,6,3,205.51,616.53
163,130,25,3,463.92,1391.76
164,751,15,1,394.46,394.46
165,790,19,1,207.28,207.28
166,344,6,4,205.51,822.04
167,279,15,5,394.46,1972.3
168,66,24,3,329.55,988.65
169,730,7,5,450.81,2254.05
170,643,14,1,74.83,74.83
171,509,15,4,394.46,1577.84
172,524,16,3,56.22,168.66
173,57,7,4,450.81,1803.24
174,880,18,5,339.95,1699.75
175,171,23,3,227.13,681.39
176,162,16,3,56.22,168.66
177,792,14,1,74.83,74.83
178,916,9,5,20.31,101.55
179,691,15,1,394.46,394.46
180,234,16,5,56.22,281.1
181,3,17,1,217.55,217.55
182,880,24,1,329.55,329.55
183,251,15,1,394.46,394.46
184,484,7,3,450.81,1352.43
185,393,2,2,409.85,819.7
186,184,3,1,333.28,333.28
187,567,6,4,205.51,822.04
188,230,9,3,20.31,60.93
189,255,23,4,227.13,908.52
190,938,9,3,20.31,60.93
191,278,1,1,474.01,474.01
192,586,1,3,474.01,1422.03
193,123,8,5,131.47,657.35
194,690,15,1,394.46,394.46
195,184,24,2,329.55,659.1
196,824,17,5,217.55,1087.75
197,48,23,4,227.13,908.52
198,71,2,4,409.85,1639.4
199,887,6,3,205.51,616.53
200,793,5,3,465.17,1395.51
201,336,16,1,56.22,56.22
202,567,23,4,227.13,908.52
203,9,13,3,337.8,1013.4
204,206,1,3,474.01,1422.03
205,578,22,3,146.49,439.47
206,758,4,5,268.56,1342.8
207,249,24,4,329.55,1318.2
208,378,3,5,333.28,1666.4
209,996,17,4,217.55,870.2
210,792,9,2,20.31,40.62
211,751,8,5,131.47,657.35
212,779,21,2,229.82,459.64
213,155,20,1,131.84,131.84
214,955,20,4,131.84,527.36
215,25,7,2,450.81,901.62
216,555,1,3,474.01,1422.03
217,652,10,1,117.91,117.91
218,974,10,3,117.91,353.73
219,2,6,4,205.51,822.04
220,870,3,3,333.28,999.84
221,107,21,2,229.82,459.64
222,543,14,2,74.83,149.66
223,430,1,4,474.01,1896.04
224,985,1,1,474.01,474.01
225,996,4,2,268.56,537.12
226,729,6,3,205.51,616.53
227,96,5,1,465.17,465.17
228,944,1,2,474.01,948.02
229,919,21,5,229.82,1149.1
230,423,18,3,339.95,1019.85
231,470,25,1,463.92,463.92
232,595,5,1,465.17,465.17
233,518,17,2,217.55,435.1
234,653,3,4,333.28,1333.12
235,77,8,5,131.47,657.35
236,582,25,1,463.92,463.92
237,446,21,2,229.82,459.64
238,243,2,3,409.85,1229.55
239,268,10,3,117.91,353.73
240,949,23,4,227.13,908.52
241,718,1,3,474.01,1422.03
242,326,23,4,227.13,908.52
243,279,4,2,268.56,537.12
244,77,14,2,74.83,149.66
245,140,20,5,131.84,659.2
246,112,10,2,117.91,235.82
247,109,2,2,409.85,819.7
248,461,4,4,268.56,1074.24
249,322,10,4,117.91,471.64
250,124,11,5,122.18,610.9
251,367,11,2,122.18,244.36
252,463,13,3,337.8,1013.4
253,475,11,3,122.18,366.54
254,873,14,1,74.83,74.83
255,93,17,2,217.55,435.1
256,827,1,3,474.01,1422.03
257,847,24,5,329.55,1647.75
258,42,3,2,333.28,666.56
259,856,11,3,122.18,366.54
260,152,17,1,217.55,217.55
261,729,6,2,205.51,411.02
262,992,6,3,205.51,616.53
263,406,8,5,131.47,657.35
264,51,16,3,56.22,168.66
265,267,4,2,268.56,537.12
266,32,13,4,337.8,1351.2
267,876,18,4,339.95,1359.8
268,570,8,5,131.47,657.35
269,256,20,1,131.84,131.84
270,474,8,1,131.47,131.47
271,824,22,2,146.49,292.98
272,125,3,1,333.28,333.28
273,64,10,2,117.91,235.82
274,134,21,2,229.82,459.64
275,844,13,4,337.8,1351.2
276,382,4,1,268.56,268.56
277,597,7,5,450.81,2254.05
278,266,9,1,20.31,20.31
279,23,25,1,463.92,463.92
280,203,7,4,450.81,1803.24
281,829,11,2,122.18,244.36
282,95,21,3,229.82,689.46
283,126,5,1,465.17,465.17
284,965,14,4,74.83,299.32
285,52,15,2,394.46,788.92
286,947,4,5,268.56,1342.8
287,444,13,4,337.8,1351.2
288,509,16,1,56.22,56.22
289,392,1,4,474.01,1896.04
290,177,11,3,122.18,366.54
291,220,5,2,465.17,930.34
292,282,14,3,74.83,224.49
293,457,12,2,44.72,89.44
294,36,6,5,205.51,1027.55
295,635,2,5,409.85,2049.25
296,252,20,3,131.84,395.52
297,511,2,4,409.85,1639.4
298,904,11,5,122.18,610.9
299,491,4,1,268.56,268.56
300,90,13,3,337.8,1013.4
301,393,20,2,131.84,263.68
302,430,11,2,122.18,244.36
303,659,14,5,74.83,374.15
304,256,23,5,227.13,1135.65
305,814,12,1,44.72,44.72
306,392,19,3,207.28,621.84
307,492,18,5,339.95,1699.75
308,801,12,4,44.72,178.88
309,353,2,5,409.85,2049.25
310,515,19,3,207.28,621.84
311,398,2,3,409.85,1229.55
312,185,15,1,394.46,394.46
313,327,2,5,409.85,2049.25
314,225,5,1,465.17,465.17
315,918,6,3,205.51,616.53
316,60,24,4,329.55,1318.2
317,543,22,3,146.49,439.47
318,786,18,5,339.95,1699.75
319,239,20,2,131.84,263.68
320,103,21,2,229.82,459.64
321,673,5,2,465.17,930.34
322,273,23,5,227.13,1135.65
323,836,1,1,474.01,474.01
324,783,23,2,227.13,454.26
325,590,16,4,56.22,224.88
326,364,22,2,146.49,292.98
327,181,22,2,146.49,292.98
328,607,9,3,20.31,60.93
329,826,19,3,207.28,621.84
330,936,23,5,227.13,1135.65
331,29,14,3,74.83,224.49
332,971,12,5,44.72,223.6
333,578,23,2,227.13,454.26
334,577,13,2,337.8,675.6
335,857,24,4,329.55,1318.2
336,556,16,3,56.22,168.66
337,180,2,4,409.85,1639.4
338,39,13,1,337.8,337.8
339,58,1,2,474.01,948.02
340,617,25,2,463.92,927.84
341,21,18,5,339.95,1699.75
342,490,7,1,450.81,450.81
343,340,5,5,465.17,2325.85
344,207,21,2,229.82,459.64
345,349,1,2,474.01,948.02
346,941,10,3,117.91,353.73
347,61,15,1,394.46,394.46
348,152,16,5,56.22,281.1
349,722,23,2,227.13,454.26
350,793,9,1,20.31,20.31
351,867,11,5,122.18,610.9
352,882,20,3,131.84,395.52
353,984,2,1,409.85,409.85
354,383,11,4,122.18,488.72
355,601,7,1,450.81,450.81
356,345,12,3,44.72,134.16
357,331,25,2,463.92,927.84
358,1000,5,2,465.17,930.34
359,750,1,4,474.01,1896.04
360,811,23,4,227.13,908.52
361,665,1,3,474.01,1422.03
362,179,17,5,217.55,1087.75
363,711,13,5,337.8,1689.0
364,806,1,3,474.01,1422.03
365,229,4,5,268.56,1342.8
366,835,24,2,329.55,659.1
367,388,2,3,409.85,1229.55
368,752,12,3,44.72,134.16
369,131,16,2,56.22,112.44
370,747,17,1,217.55,217.55
371,972,6,5,205.51,1027.55
372,401,25,5,463.92,2319.6
373,34,9,2,20.31,40.62
374,617,9,3,20.31,60.93
375,944,12,5,44.72,223.6
376,227,1,5,474.01,2370.05
377,107,23,4,227.13,908.52
378,145,2,3,409.85,1229.55
379,764,7,1,450.81,450.81
380,244,17,3,217.55,652.65
381,328,12,2,44.72,89.44
382,652,22,1,146.49,146.49
383,842,16,3,56.22,168.66
384,458,3,1,333.28,333.28
385,272,10,2,117.91,235.82
386,256,12,1,44.72,44.72
387,359,5,3,465.17,1395.51
388,806,18,1,339.95,339.95
389,738,19,1,207.28,207.28
390,50,14,4,74.83,299.32
391,449,4,4,268.56,1074.24
392,993,20,2,131.84,263.68
393,906,11,4,122.18,488.72
394,505,13,4,337.8,1351.2
395,360,6,5,205.51,1027.55
396,385,21,1,229.82,229.82
397,849,3,4,333.28,1333.12
398,808,4,5,268.56,1342.8
399,667,5,2,465.17,930.34
400,167,7,4,450.81,1803.24
401,76,13,1,337.8,337.8
402,302,14,1,74.83,74.83
403,327,15,3,394.46,1183.38
404,975,7,1,450.81,450.81
405,76,22,3,146.49,439.47
406,175,10,4,117.91,471.64
407,165,9,1,20.31,20.31
408,561,8,1,131.47,131.47
409,347,6,5,205.51,1027.55
410,629,2,4,409.85,1639.4
411,722,7,1,450.81,450.81
412,442,4,2,268.56,537.12
413,622,12,4,44.72,178.88
414,161,1,1,474.01,474.01
415,104,2,3,409.85,1229.55
416,211,7,2,450.81,901.62
417,420,3,5,333.28,1666.4
418,740,14,5,74.83,374.15
419,272,15,3,394.46,1183.38
420,305,14,2,74.83,149.66
421,99,3,1,333.28,333.28
422,403,23,5,227.13,1135.65
423,563,1,4,474.01,1896.04
424,158,3,1,333.28,333.28
425,370,24,1,329.55,329.55
426,438,18,1,339.95,339.95
427,302,9,5,20.31,101.55
428,492,21,2,229.82,459.64
429,100,10,1,117.91,117.91
430,212,9,2,20.31,40.62
431,654,5,3,465.17,1395.51
432,84,17,4,217.55,870.2
433,865,20,1,131.84,131.84
434,316,1,4,474.01,1896.04
435,483,8,4,131.47,525.88
436,917,7,3,450.81,1352.43
437,94,10,5,117.91,589.55
438,397,4,2,268.56,537.12
439,380,7,4,450.81,1803.24
440,379,11,2,122.18,244.36
441,457,20,1,131.84,131.84
442,270,5,4,465.17,1860.68
443,477,18,3,339.95,1019.85
444,232,9,3,20.31,60.93
445,578,15,1,394.46,394.46
446,155,6,1,205.51,205.51
447,88,18,3,339.95,1019.85
448,828,15,5,394.46,1972.3
449,424,1,5,474.01,2370.05
450,233,2,5,409.85,2049.25
451,63,17,4,217.55,870.2
452,839,14,5,74.83,374.15
453,429,5,5,465.17,2325.85
454,704,3,4,333.28,1333.12
455,587,24,2,329.55,659.1
456,488,11,3,122.18,366.54
457,81,22,4,146.49,585.96
458,925,5,1,465.17,465.17
459,515,21,5,229.82,1149.1
460,923,14,5,74.83,374.15
461,820,8,5,131.47,657.35
462,694,11,5,122.18,610.9
463,151,23,1,227.13,227.13
464,973,16,4,56.22,224.88
465,178,10,2,117.91,235.82
466,996,17,2,217.55,435.1
467,828,10,2,117.91,235.82
468,130,17,1,217.55,217.55
469,434,2,1,409.85,409.85
470,700,12,4,44.72,178.88
471,207,9,2,20.31,40.62
472,855,2,5,409.85,2049.25
473,265,11,3,122.18,366.54
474,933,15,1,394.46,394.46
475,90,5,4,465.17,1860.68
476,570,18,4,339.95,1359.8
477,566,11,3,122.18,366.54
478,878,10,3,117.91,353.73
479,533,9,4,20.31,81.24
480,940,2,1,409.85,409.85
481,806,13,5,337.8,1689.0
482,602,19,5,207.28,1036.4
483,801,22,4,146.49,585.96
484,116,11,4,122.18,488.72
485,154,13,2,337.8,675.6
486,581,6,5,205.51,1027.55
487,597,5,1,465.17,465.17
488,948,1,1,474.01,474.01
489,577,2,1,409.85,409.85
490,805,24,3,329.55,988.65
491,889,21,5,229.82,1149.1
492,902,12,3,44.72,134.16
493,899,2,4,409.85,1639.4
494,271,17,4,217.55,870.2
495,671,2,4,409.85,1639.4
496,586,7,5,450.81,2254.05
497,485,3,1,333.28,333.28
498,177,12,3,44.72,134.16
499,413,17,2,217.55,435.1
500,634,10,5,117.91,589.55
501,698,1,4,474.01,1896.04
502,40,2,4,409.85,1639.4
503,911,3,3,333.28,999.84
504,708,1,2,474.01,948.02
505,51,20,4,131.84,527.36
506,943,3,3,333.28,999.84
507,919,8,3,131.47,394.41
508,21,10,3,117.91,353.73
509,838,5,3,465.17,1395.51
510,319,5,3,465.17,1395.51
511,864,5,4,465.17,1860.68
512,879,6,1,205.51,205.51
513,996,1,2,474.01,948.02
514,138,4,3,268.56,805.68
515,998,24,4,329.55,1318.2
516,793,6,3,205.51,616.53
517,276,3,4,333.28,1333.12
518,620,6,1,205.51,205.51
519,193,11,4,122.18,488.72
520,217,2,4,409.85,1639.4
521,759,16,4,56.22,224.88
522,778,5,5,465.17,2325.85
523,889,1,3,474.01,1422.03
524,841,4,1,268.56,268.56
525,528,16,2,56.22,112.44
526,68,2,3,409.85,1229.55
527,727,2,5,409.85,2049.25
528,414,9,2,20.31,40.62
529,800,13,5,337.8,1689.0
530,901,7,5,450.81,2254.05
531,30,14,2,74.83,149.66
532,198,18,2,339.95,679.9
533,858,25,1,463.92,463.92
534,256,18,1,339.95,339.95
535,468,2,1,409.85,409.85
536,941,24,3,329.55,988.65
537,722,15,2,394.46,788.92
538,281,24,3,329.55,988.65
539,844,21,4,229.82,919.28
540,518,18,4,339.95,1359.8
541,651,7,1,450.81,450.81
542,698,25,1,463.92,463.92
543,248,19,3,207.28,621.84
544,501,13,5,337.8,1689.0
545,457,13,2,337.8,675.6
546,984,4,4,268.56,1074.24
547,601,1,5,474.01,2370.05
548,359,13,3,337.8,1013.4
549,168,7,3,450.81,1352.43
550,767,14,1,74.83,74.83
551,292,6,1,205.51,205.51
552,396,10,1,117.91,117.91
553,167,5,5,465.17,2325.85
554,799,3,2,333.28,666.56
555,878,1,2,474.01,948.02
556,663,7,2,450.81,901.62
557,694,23,2,227.13,454.26
558,276,6,4,205.51,822.04
559,526,12,1,44.72,44.72
560,886,1,1,474.01,474.01
561,486,3,2,333.28,666.56
562,663,22,2,146.49,292.98
563,616,8,1,131.47,131.47
564,230,3,3,333.28,999.84
565,623,12,3,44.72,134.16
566,730,3,3,333.28,999.84
567,434,23,4,227.13,908.52
568,873,1,3,474.01,1422.03
569,471,20,3,131.84,395.52
570,224,19,4,207.28,829.12
571,310,11,5,122.18,610.9
572,845,18,5,339.95,1699.75
573,407,5,5,465.17,2325.85
574,105,8,1,131.47,131.47
575,524,12,3,44.72,134.16
576,575,2,5,409.85,2049.25
577,624,4,3,268.56,805.68
578,306,19,1,207.28,207.28
579,494,2,1,409.85,409.85
580,345,12,3,44.72,134.16
581,656,11,3,122.18,366.54
582,883,9,3,20.31,60.93
583,268,19,3,207.28,621.84
584,193,4,2,268.56,537.12
585,530,22,2,146.49,292.98
586,922,6,1,205.51,205.51
587,825,5,5,465.17,2325.85
588,414,7,3,450.81,1352.43
589,698,1,2,474.01,948.02
590,739,7,1,450.81,450.81
591,672,4,4,268.56,1074.24
592,303,2,3,409.85,1229.55
593,929,4,4,268.56,1074.24
594,415,7,4,450.81,1803.24
595,755,21,1,229.82,229.82
596,598,21,5,229.82,1149.1
597,836,14,2,74.83,149.66
598,352,19,2,207.28,414.56
599,703,19,5,207.28,1036.4
600,654,15,4,394.46,1577.84
601,929,15,3,394.46,1183.38
602,520,11,3,122.18,366.54
603,866,8,2,131.47,262.94
604,861,23,5,227.13,1135.65
605,186,1,3,474.01,1422.03
606,100,8,4,131.47,525.88
607,132,17,3,217.55,652.65
608,743,20,5,131.84,659.2
609,782,1,2,474.01,948.02
610,970,3,3,333.28,999.84
611,671,25,1,463.92,463.92
612,228,3,3,333.28,999.84
613,229,8,3,131.47,394.41
614,431,4,3,268.56,805.68
615,381,6,3,205.51,616.53
616,600,9,3,20.31,60.93
617,475,11,1,122.18,122.18
618,482,23,1,227.13,227.13
619,888,22,5,146.49,732.45
620,595,3,5,333.28,1666.4
621,73,5,4,465.17,1860.68
622,911,21,2,229.82,459.64
623,513,20,1,131.84,131.84
624,889,3,4,333.28,1333.12
625,543,19,3,207.28,621.84
626,424,25,1,463.92,463.92
627,892,10,2,117.91,235.82
628,141,15,2,394.46,788.92
629,351,22,4,146.49,585.96
630,584,23,4,227.13,908.52
631,147,7,3,450.81,1352.43
632,884,19,2,207.28,414.56
633,798,19,1,207.28,207.28
634,500,20,3,131.84,395.52
635,647,17,2,217.55,435.1
636,321,5,1,465.17,465.17
637,5,20,4,131.84,527.36
638,281,16,2,56.22,112.44
639,780,1,2,474.01,948.02
640,591,12,2,44.72,89.44
641,502,2,1,409.85,409.85
642,133,22,5,146.49,732.45
643,445,14,4,74.83,299.32
644,414,25,4,463.92,1855.68
645,989,24,4,329.55,1318.2
646,393,19,1,207.28,207.28
647,39,13,5,337.8,1689.0
648,205,14,3,74.83,224.49
649,973,15,1,394.46,394.46
650,914,13,3,337.8,1013.4
651,776,19,5,207.28,1036.4
652,196,14,1,74.83,74.83
653,693,25,1,463.92,463.92
654,642,18,2,339.95,679.9
655,232,25,3,463.92,1391.76
656,320,5,2,465.17,930.34
657,106,17,4,217.55,870.2
658,516,14,5,74.83,374.15
659,314,19,2,207.28,414.56
660,67,14,1,74.83,74.83
661,306,19,3,207.28,621.84
662,467,6,5,205.51,1027.55
663,611,20,5,131.84,659.2
664,346,3,4,333.28,1333.12
665,910,3,2,333.28,666.56
666,351,16,4,56.22,224.88
667,368,14,2,74.83,149.66
668,169,1,4,474.01,1896.04
669,20,23,2,227.13,454.26
670,230,1,2,474.01,948.02
671,217,2,1,409.85,409.85
672,604,12,5,44.72,223.6
673,174,3,1,333.28,333.28
674,376,8,1,131.47,131.47
675,385,21,3,229.82,689.46
676,790,21,5,229.82,1149.1
677,639,6,1,205.51,205.51
678,609,20,1,131.84,131.84
679,678,2,1,409.85,409.85
680,670,9,1,20.31,20.31
681,50,13,1,337.8,337.8
682,427,9,4,20.31,81.24
683,390,12,1,44.72,44.72
684,561,18,3,339.95,1019.85
685,486,9,2,20.31,40.62
686,211,12,1,44.72,44.72
687,309,4,4,268.56,1074.24
688,678,16,1,56.22,56.22
689,679,5,5,465.17,2325.85
690,277,7,5,450.81,2254.05
691,621,18,2,339.95,679.9
692,429,7,1,450.81,450.81
693,524,16,5,56.22,281.1
694,121,10,3,117.91,353.73
695,117,7,1,450.81,450.81
696,510,15,2,394.46,788.92
697,624,8,2,131.47,262.94
698,797,3,3,333.28,999.84
699,852,19,5,207.28,1036.4
700,997,24,2,329.55,659.1
701,367,9,4,20.31,81.24
702,303,7,2,450.81,901.62
703,41,12,5,44.72,223.6
704,509,21,2,229.82,459.64
705,705,21,4,229.82,919.28
706,339,14,2,74.83,149.66
707,3,8,1,131.47,131.47
708,688,7,1,450.81,450.81
709,929,21,1,229.82,229.82
710,856,17,5,217.55,1087.75
711,686,22,4,146.49,585.96
712,153,16,1,56.22,56.22
713,799,6,5,205.51,1027.55
714,77,1,1,474.01,474.01
715,927,22,3,146.49,439.47
716,660,7,2,450.81,901.62
717,468,16,3,56.22,168.66
718,271,12,4,44.72,178.88
719,52,9,1,20.31,20.31
720,833,25,2,463.92,927.84
721,896,15,1,394.46,394.46
722,873,10,3,117.91,353.73
723,369,18,3,339.95,1019.85
724,437,10,1,117.91,117.91
725,98,2,1,409.85,409.85
726,10,10,2,117.91,235.82
727,680,17,2,217.55,435.1
728,337,12,3,44.72,134.16
729,916,20,4,131.84,527.36
730,979,25,5,463.92,2319.6
731,275,10,1,117.91,117.91
732,382,3,3,333.28,999.84
733,188,7,1,450.81,450.81
734,411,20,4,131.84,527.36
735,986,14,4,74.83,299.32
736,279,2,4,409.85,1639.4
737,707,12,4,44.72,178.88
738,820,7,4,450.81,1803.24
739,665,9,2,20.31,40.62
740,116,17,2,217.55,435.1
741,713,13,1,337.8,337.8
742,966,7,2,450.81,901.62
743,107,1,4,474.01,1896.04
744,934,16,5,56.22,281.1
745,495,21,5,229.82,1149.1
746,695,21,4,229.82,919.28
747,186,12,5,44.72,223.6
748,389,8,3,131.47,394.41
749,627,25,1,463.92,463.92
750,884,11,2,122.18,244.36
751,495,3,4,333.28,1333.12
752,116,12,4,44.72,178.88
753,452,21,1,229.82,229.82
754,65,3,3,333.28,999.84
755,671,20,3,131.84,395.52
756,13,20,5,131.84,659.2
757,786,24,5,329.55,1647.75
758,742,4,5,268.56,1342.8
759,230,15,3,394.46,1183.38
760,532,22,5,146.49,732.45
761,705,20,5,131.84,659.2
762,98,1,4,474.01,1896.04
763,678,20,2,131.84,263.68
764,494,17,3,217.55,652.65
765,680,3,4,333.28,1333.12
766,153,11,5,122.18,610.9
767,914,15,5,394.46,1972.3
768,56,3,1,333.28,333.28
769,659,21,2,229.82,459.64
770,518,8,4,131.47,525.88
771,873,23,4,227.13,908.52
772,891,10,2,117.91,235.82
773,77,24,4,329.55,1318.2
774,329,7,2,450.81,901.62
775,339,5,3,465.17,1395.51
776,52,24,5,329.55,1647.75
777,229,2,5,409.85,2049.25
778,659,2,4,409.85,1639.4
779,413,3,2,333.28,666.56
780,81,25,4,463.92,1855.68
781,455,7,5,450.81,2254.05
782,459,1,1,474.01,474.01
783,878,1,4,474.01,1896.04
784,458,18,3,339.95,1019.85
785,122,16,4,56.22,224.88
786,764,7,1,450.81,450.81
787,106,21,4,229.82,919.28
788,423,14,1,74.83,74.83
789,571,20,5,131.84,659.2
790,1,18,1,339.95,339.95
791,811,10,5,117.91,589.55
792,987,18,5,339.95,1699.75
793,653,18,3,339.95,1019.85
794,912,7,5,450.81,2254.05
795,576,8,2,131.47,262.94
796,671,4,4,268.56,1074.24
797,974,7,3,450.81,1352.43
798,373,19,1,207.28,207.28
799,837,20,2,131.84,263.68
800,865,21,4,229.82,919.28
801,340,9,5,20.31,101.55
802,786,9,5,20.31,101.55
803,615,9,4,20.31,81.24
804,734,1,3,474.01,1422.03
805,734,25,4,463.92,1855.68
806,117,11,1,122.18,122.18
807,778,25,2,463.92,927.84
808,3,19,3,207.28,621.84
809,364,19,3,207.28,621.84
810,561,22,5,146.49,732.45
811,383,8,1,131.47,131.47
812,47,10,2,117.91,235.82
813,505,11,2,122.18,244.36
814,842,19,4,207.28,829.12
815,110,24,3,329.55,988.65
816,626,20,2,131.84,263.68
817,193,23,1,227.13,227.13
818,953,6,4,205.51,822.04
819,221,17,4,217.55,870.2
820,845,5,2,465.17,930.34
821,734,17,3,217.55,652.65
822,111,25,4,463.92,1855.68
823,48,11,5,122.18,610.9
824,127,20,4,131.84,527.36
825,469,13,5,337.8,1689.0
826,980,3,5,333.28,1666.4
827,138,4,4,268.56,1074.24
828,5,7,5,450.81,2254.05
829,754,5,1,465.17,465.17
830,567,1,4,474.01,1896.04
831,859,16,5,56.22,281.1
832,495,22,5,146.49,732.45
833,800,25,2,463.92,927.84
834,709,5,5,465.17,2325.85
835,178,25,2,463.92,927.84
836,107,25,4,463.92,1855.68
837,674,14,5,74.83,374.15
838,621,24,3,329.55,988.65
839,517,24,4,329.55,1318.2
840,429,8,5,131.47,657.35
841,938,10,2,117.91,235.82
842,281,8,4,131.47,525.88
843,987,13,3,337.8,1013.4
844,994,14,3,74.83,224.49
845,464,3,2,333.28,666.56
846,142,16,4,56.22,224.88
847,617,8,5,131.47,657.35
848,307,17,5,217.55,1087.75
849,882,9,3,20.31,60.93
850,729,4,5,268.56,1342.8
851,648,11,2,122.18,244.36
852,206,6,2,205.51,411.02
853,640,21,3,229.82,689.46
854,704,7,3,450.81,1352.43
855,944,1,2,474.01,948.02
856,728,3,2,333.28,666.56
857,516,4,5,268.56,1342.8
858,711,16,3,56.22,168.66
859,728,20,1,131.84,131.84
860,780,25,3,463.92,1391.76
861,576,18,4,339.95,1359.8
862,597,23,5,227.13,1135.65
863,966,22,4,146.49,585.96
864,691,5,5,465.17,2325.85
865,293,8,4,131.47,525.88
866,828,9,1,20.31,20.31
867,536,5,1,465.17,465.17
868,26,24,4,329.55,1318.2
869,149,5,1,465.17,465.17
870,687,22,1,146.49,146.49
871,205,17,3,217.55,652.65
872,769,7,2,450.81,901.62
873,294,14,3,74.83,224.49
874,150,8,1,131.47,131.47
875,708,15,3,394.46,1183.38
876,209,19,5,207.28,1036.4
877,34,21,3,229.82,689.46
878,834,17,4,217.55,870.2
879,105,8,5,131.47,657.35
880,889,22,5,146.49,732.45
881,886,17,2,217.55,435.1
882,761,21,5,229.82,1149.1
883,399,13,2,337.8,675.6
884,524,18,3,339.95,1019.85
885,710,17,1,217.55,217.55
886,949,1,4,474.01,1896.04
887,397,8,4,131.47,525.88
888,980,24,3,329.55,988.65
889,990,18,5,339.95,1699.75
890,56,9,1,20.31,20.31
891,762,3,3,333.28,999.84
892,208,1,5,474.01,2370.05
893,890,6,4,205.51,822.04
894,850,22,2,146.49,292.98
895,934,22,3,146.49,439.47
896,774,5,5,465.17,2325.85
897,560,9,5,20.31,101.55
898,202,19,2,207.28,414.56
899,302,11,4,122.18,488.72
900,182,11,1,122.18,122.18
901,192,5,2,465.17,930.34
902,753,8,5,131.47,657.35
903,123,4,4,268.56,1074.24
904,42,13,4,337.8,1351.2
905,286,12,5,44.72,223.6
906,271,18,2,339.95,679.9
907,165,24,5,329.55,1647.75
908,867,2,3,409.85,1229.55
909,6,21,3,229.82,689.46
910,478,19,2,207.28,414.56
911,41,6,2,205.51,411.02
912,951,12,3,44.72,134.16
913,612,23,1,227.13,227.13
914,793,3,5,333.28,1666.4
915,864,3,3,333.28,999.84
916,503,19,5,207.28,1036.4
917,564,22,3,146.49,439.47
918,75,16,3,56.22,168.66
919,539,7,2,450.81,901.62
920,980,5,2,465.17,930.34
921,534,7,1,450.81,450.81
922,806,1,5,474.01,2370.05
923,164,10,4,117.91,471.64
924,557,11,5,122.18,610.9
925,414,21,1,229.82,229.82
926,358,12,2,44.72,89.44
927,905,21,2,229.82,459.64
928,680,23,3,227.13,681.39
929,340,2,3,409.85,1229.55
930,301,6,2,205.51,411.02
931,974,17,5,217.55,1087.75
932,544,16,4,56.22,224.88
933,575,25,1,463.92,463.92
934,118,22,3,146.49,439.47
935,457,10,2,117.91,235.82
936,927,9,5,20.31,101.55
937,941,14,5,74.83,374.15
938,250,5,1,465.17,465.17
939,699,23,3,227.13,681.39
940,391,15,1,394.46,394.46
941,396,9,3,20.31,60.93
942,554,16,3,56.22,168.66
943,26,14,5,74.83,374.15
944,842,20,3,131.84,395.52
945,527,1,5,474.01,2370.05
946,457,3,4,333.28,1333.12
947,45,13,3,337.8,1013.4
948,920,20,2,131.84,263.68
949,329,12,5,44.72,223.6
950,85,4,1,268.56,268.56
951,172,13,5,337.8,1689.0
952,547,13,1,337.8,337.8
953,642,10,1,117.91,117.91
954,216,11,2,122.18,244.36
955,886,25,4,463.92,1855.68
956,856,19,1,207.28,207.28
957,211,1,5,474.01,2370.05
958,849,4,4,268.56,1074.24
959,663,13,1,337.8,337.8
960,765,9,2,20.31,40.62
961,25,13,4,337.8,1351.2
962,735,5,3,465.17,1395.51
963,39,7,1,450.81,450.81
964,76,1,1,474.01,474.01
965,183,22,3,146.49,439.47
966,572,20,1,131.84,131.84
967,589,16,2,56.22,112.44
968,933,6,3,205.51,616.53
969,418,14,4,74.83,299.32
970,462,10,4,117.91,471.64
971,444,3,3,333.28,999.84
972,18,1,4,474.01,1896.04
973,690,12,1,44.72,44.72
974,548,2,1,409.85,409.85
975,657,23,5,227.13,1135.65
976,65,19,5,207.28,1036.4
977,47,16,1,56.22,56.22
978,367,20,5,131.84,659.2
979,109,12,3,44.72,134.16
980,806,5,3,465.17,1395.51
981,622,3,1,333.28,333.28
982,289,10,4,117.91,471.64
983,391,16,4,56.22,224.88
984,842,25,1,463.92,463.92
985,486,17,2,217.55,435.1
986,547,5,2,465.17,930.34
987,140,5,4,465.17,1860.68
988,816,22,5,146.49,732.45
989,303,2,2,409.85,819.7
990,306,21,3,229.82,689.46
991,981,10,1,117.91,117.91
992,567,9,5,20.31,101.55
993,145,21,1,229.82,229.82
994,43,21,1,229.82,229.82
995,587,18,5,339.95,1699.75
996,404,6,5,205.51,1027.55
997,561,3,1,333.28,333.28
998,313,10,2,117.91,235.82
999,767,15,3,394.46,1183.38
1000,217,22,4,146.49,585.96
1001,928,10,5,117.91,589.55
1002,146,23,2,227.13,454.26
1003,189,24,2,329.55,659.1
1004,632,17,3,217.55,652.65
1005,199,20,1,131.84,131.84
1006,186,19,5,207.28,1036.4
1007,873,20,1,131.84,131.84
1008,872,25,5,463.92,2319.6
1009,473,14,5,74.83,374.15
1010,75,19,3,207.28,621.84
1011,688,18,1,339.95,339.95
1012,257,3,1,333.28,333.28
1013,203,9,5,20.31,101.55
1014,499,14,3,74.83,224.49
1015,366,22,2,146.49,292.98
1016,688,24,2,329.55,659.1
1017,103,7,3,450.81,1352.43
1018,635,19,1,207.28,207.28
1019,922,4,2,268.56,537.12
1020,326,18,4,339.95,1359.8
1021,462,2,3,409.85,1229.55
1022,632,12,3,44.72,134.16
1023,711,4,5,268.56,1342.8
1024,157,13,5,337.8,1689.0
1025,581,10,3,117.91,353.73
1026,828,11,3,122.18,366.54
1027,982,11,4,122.18,488.72
1028,173,5,1,465.17,465.17
1029,321,11,2,122.18,244.36
1030,805,11,2,122.18,244.36
1031,730,8,4,131.47,525.88
1032,284,1,3,474.01,1422.03
1033,138,21,3,229.82,689.46
1034,899,21,4,229.82,919.28
1035,474,23,4,227.13,908.52
1036,368,18,3,339.95,1019.85
1037,499,14,5,74.83,374.15
1038,112,6,2,205.51,411.02
1039,662,11,5,122.18,610.9
1040,84,10,3,117.91,353.73
1041,880,15,2,394.46,788.92
1042,913,6,5,205.51,1027.55
1043,202,12,3,44.72,134.16
1044,752,17,1,217.55,217.55
1045,745,4,1,268.56,268.56
1046,914,21,1,229.82,229.82
1047,870,10,5,117.91,589.55
1048,647,9,1,20.31,20.31
1049,833,11,5,122.18,610.9
1050,593,21,4,229.82,919.28
1051,788,11,5,122.18,610.9
1052,218,10,1,117.91,117.91
1053,565,18,3,339.95,1019.85
1054,557,7,5,450.81,2254.05
1055,484,16,2,56.22,112.44
1056,375,16,4,56.22,224.88
1057,229,9,5,20.31,101.55
1058,751,21,3,229.82,689.46
1059,138,1,4,474.01,1896.04
1060,514,20,5,131.84,659.2
1061,93,11,4,122.18,488.72
1062,373,24,5,329.55,1647.75
1063,11,23,2,227.13,454.26
1064,869,24,5,329.55,1647.75
1065,701,4,2,268.56,537.12
1066,776,16,5,56.22,281.1
1067,144,1,4,474.01,1896.04
1068,164,5,2,465.17,930.34
1069,580,23,5,227.13,1135.65
1070,676,25,2,463.92,927.84
1071,754,14,4,74.83,299.32
1072,962,18,3,339.95,1019.85
1073,42,12,2,44.72,89.44
1074,780,23,4,227.13,908.52
1075,238,10,1,117.91,117.91
1076,271,17,3,217.55,652.65
1077,240,5,1,465.17,465.17
1078,685,17,2,217.55,435.1
1079,531,9,3,20.31,60.93
1080,398,9,4,20.31,81.24
1081,940,24,4,329.55,1318.2
1082,903,6,1,205.51,205.51
1083,41,12,3,44.72,134.16
1084,106,2,5,409.85,2049.25
1085,649,3,3,333.28,999.84
1086,855,15,3,394.46,1183.38
1087,593,11,5,122.18,610.9
1088,584,14,2,74.83,149.66
1089,386,23,4,227.13,908.52
1090,375,24,5,329.55,1647.75
1091,670,18,1,339.95,339.95
1092,530,4,3,268.56,805.68
1093,386,5,2,465.17,930.34
1094,529,5,4,465.17,1860.68
1095,362,10,3,117.91,353.73
1096,499,12,4,44.72,178.88
1097,909,6,5,205.51,1027.55
1098,7,9,5,20.31,101.55
1099,904,7,2,450.81,901.62
1100,451,24,2,329.55,659.1
1101,236,17,1,217.55,217.55
1102,527,16,3,56.22,168.66
1103,217,12,2,44.72,89.44
1104,192,2,2,409.85,819.7
1105,371,15,5,394.46,1972.3
1106,735,23,1,227.13,227.13
1107,677,13,2,337.8,675.6
1108,425,17,3,217.55,652.65
1109,738,7,1,450.81,450.81
1110,494,9,4,20.31,81.24
1111,491,6,2,205.51,411.02
1112,605,25,2,463.92,927.84
1113,663,13,4,337.8,1351.2
1114,23,5,2,465.17,930.34
1115,45,21,2,229.82,459.64
1116,588,1,5,474.01,2370.05
1117,165,25,2,463.92,927.84
1118,645,7,5,450.81,2254.05
1119,41,17,5,217.55,1087.75
1120,151,25,1,463.92,463.92
1121,171,25,3,463.92,1391.76
1122,945,6,2,205.51,411.02
1123,530,18,4,339.95,1359.8
1124,614,19,5,207.28,1036.4
1125,653,19,1,207.28,207.28
1126,900,24,3,329.55,988.65
1127,970,6,1,205.51,205.51
1128,222,21,4,229.82,919.28
1129,622,19,4,207.28,829.12
1130,889,4,4,268.56,1074.24
1131,175,10,2,117.91,235.82
1132,851,2,4,409.85,1639.4
1133,616,12,2,44.72,89.44
1134,814,6,5,205.51,1027.55
1135,841,5,2,465.17,930.34
1136,639,24,5,329.55,1647.75
1137,271,23,2,227.13,454.26
1138,742,17,3,217.55,652.65
1139,945,21,4,229.82,919.28
1140,611,9,5,20.31,101.55
1141,71,21,2,229.82,459.64
1142,388,12,4,44.72,178.88
1143,136,4,1,268.56,268.56
1144,17,3,2,333.28,666.56
1145,536,16,5,56.22,281.1
1146,701,10,4,117.91,471.64
1147,847,9,2,20.31,40.62
1148,621,7,1,450.81,450.81
1149,182,9,4,20.31,81.24
1150,924,18,5,339.95,1699.75
1151,615,23,1,227.13,227.13
1152,899,11,5,122.18,610.9
1153,516,11,1,122.18,122.18
1154,96,6,4,205.51,822.04
1155,676,19,2,207.28,414.56
1156,924,11,5,122.18,610.9
1157,553,2,1,409.85,409.85
1158,919,25,4,463.92,1855.68
1159,535,10,4,117.91,471.64
1160,380,23,1,227.13,227.13
1161,715,17,5,217.55,1087.75
1162,440,17,2,217.55,435.1
1163,961,16,4,56.22,224.88
1164,809,22,4,146.49,585.96
1165,359,17,5,217.55,1087.75
1166,824,1,5,474.01,2370.05
1167,101,19,4,207.28,829.12
1168,138,2,3,409.85,1229.55
1169,489,9,2,20.31,40.62
1170,932,24,1,329.55,329.55
1171,291,16,5,56.22,281.1
1172,898,14,5,74.83,374.15
1173,419,1,3,474.01,1422.03
1174,194,11,1,122.18,122.18
1175,727,16,1,56.22,56.22
1176,592,19,5,207.28,1036.4
1177,121,8,5,131.47,657.35
1178,8,5,4,465.17,1860.68
1179,671,7,2,450.81,901.62
1180,705,14,3,74.83,224.49
1181,419,22,3,146.49,439.47
1182,110,5,2,465.17,930.34
1183,437,14,5,74.83,374.15
1184,260,19,3,207.28,621.84
1185,876,16,5,56.22,281.1
1186,434,17,5,217.55,1087.75
1187,375,17,5,217.55,1087.75
1188,283,23,4,227.13,908.52
1189,774,18,2,339.95,679.9
1190,424,14,5,74.83,374.15
1191,803,9,5,20.31,101.55
1192,495,23,2,227.13,454.26
1193,380,23,5,227.13,1135.65
1194,569,13,4,337.8,1351.2
1195,260,2,3,409.85,1229.55
1196,592,3,3,333.28,999.84
1197,793,9,4,20.31,81.24
1198,754,22,2,146.49,292.98
1199,876,15,1,394.46,394.46
1200,766,25,2,463.92,927.84
1201,458,21,2,229.82,459.64
1202,103,14,2,74.83,149.66
1203,521,5,4,465.17,1860.68
1204,805,1,3,474.01,1422.03
1205,821,17,5,217.55,1087.75
1206,629,2,1,409.85,409.85
1207,165,5,4,465.17,1860.68
1208,988,8,1,131.47,131.47
1209,824,12,1,44.72,44.72
1210,844,8,2,131.47,262.94
1211,483,18,5,339.95,1699.75
1212,446,15,1,394.46,394.46
1213,66,23,3,227.13,681.39
1214,228,17,3,217.55,652.65
1215,82,14,5,74.83,374.15
1216,39,18,4,339.95,1359.8
1217,954,16,4,56.22,224.88
1218,629,20,5,131.84,659.2
1219,294,24,5,329.55,1647.75
1220,59,15,2,394.46,788.92
1221,656,15,4,394.46,1577.84
1222,450,21,1,229.82,229.82
1223,207,14,5,74.83,374.15
1224,293,10,2,117.91,235.82
1225,35,7,5,450.81,2254.05
1226,523,23,5,227.13,1135.65
1227,716,25,2,463.92,927.84
1228,630,9,2,20.31,40.62
1229,691,17,1,217.55,217.55
1230,369,3,2,333.28,666.56
1231,671,9,1,20.31,20.31
1232,1000,3,2,333.28,666.56
1233,89,25,3,463.92,1391.76
1234,799,11,4,122.18,488.72
1235,362,18,4,339.95,1359.8
1236,416,11,5,122.18,610.9
1237,206,7,5,450.81,2254.05
1238,16,5,1,465.17,465.17
1239,942,14,1,74.83,74.83
1240,563,8,3,131.47,394.41
1241,744,4,5,268.56,1342.8
1242,937,11,5,122.18,610.9
1243,357,23,3,227.13,681.39
1244,987,23,3,227.13,681.39
1245,232,23,5,227.13,1135.65
1246,987,4,2,268.56,537.12
1247,466,1,4,474.01,1896.04
1248,589,18,1,339.95,339.95
1249,268,19,2,207.28,414.56
1250,417,23,5,227.13,1135.65
1251,110,12,5,44.72,223.6
1252,75,20,5,131.84,659.2
1253,302,14,3,74.83,224.49
1254,970,22,1,146.49,146.49
1255,823,15,5,394.46,1972.3
1256,980,15,3,394.46,1183.38
1257,898,8,5,131.47,657.35
1258,833,17,5,217.55,1087.75
1259,257,19,4,207.28,829.12
1260,990,18,4,339.95,1359.8
1261,577,21,4,229.82,919.28
1262,789,22,2,146.49,292.98
1263,776,19,3,207.28,621.84
1264,985,25,4,463.92,1855.68
1265,698,5,4,465.17,1860.68
1266,919,16,5,56.22,281.1
1267,883,1,1,474.01,474.01
1268,494,15,1,394.46,394.46
1269,265,20,1,131.84,131.84
1270,392,20,2,131.84,263.68
1271,694,5,2,465.17,930.34
1272,820,15,3,394.46,1183.38
1273,423,1,3,474.01,1422.03
1274,529,20,5,131.84,659.2
1275,10,7,3,450.81,1352.43
1276,255,15,3,394.46,1183.38
1277,96,24,4,329.55,1318.2
1278,690,4,3,268.56,805.68
1279,78,19,5,207.28,1036.4
1280,954,15,2,394.46,788.92
1281,488,20,3,131.84,395.52
1282,363,13,2,337.8,675.6
1283,916,15,5,394.46,1972.3
1284,276,1,2,474.01,948.02
1285,970,17,2,217.55,435.1
1286,511,16,2,56.22,112.44
1287,241,5,2,465.17,930.34
1288,894,9,3,20.31,60.93
1289,212,14,2,74.83,149.66
1290,208,10,2,117.91,235.82
1291,857,10,5,117.91,589.55
1292,365,23,2,227.13,454.26
1293,798,23,1,227.13,227.13
1294,123,18,1,339.95,339.95
1295,693,13,4,337.8,1351.2
1296,629,3,1,333.28,333.28
1297,783,6,5,205.51,1027.55
1298,981,2,1,409.85,409.85
1299,869,19,4,207.28,829.12
1300,381,10,5,117.91,589.55
1301,323,7,4,450.81,1803.24
1302,920,14,5,74.83,374.15
1303,890,17,3,217.55,652.65
1304,503,5,2,465.17,930.34
1305,783,20,5,131.84,659.2
1306,287,19,4,207.28,829.12
1307,228,20,5,131.84,659.2
1308,132,5,1,465.17,465.17
1309,539,11,4,122.18,488.72
1310,490,12,5,44.72,223.6
1311,34,7,5,450.81,2254.05
1312,356,23,4,227.13,908.52
1313,882,13,2,337.8,675.6
1314,469,6,1,205.51,205.51
1315,716,20,5,131.84,659.2
1316,472,17,3,217.55,652.65
1317,706,4,1,268.56,268.56
1318,13,25,2,463.92,927.84
1319,389,13,5,337.8,1689.0
1320,104,11,3,122.18,366.54
1321,371,11,5,122.18,610.9
1322,883,6,3,205.51,616.53
1323,192,17,5,217.55,1087.75
1324,270,23,2,227.13,454.26
1325,276,2,4,409.85,1639.4
1326,982,23,5,227.13,1135.65
1327,352,3,3,333.28,999.84
1328,189,21,4,229.82,919.28
1329,435,9,2,20.31,40.62
1330,430,4,3,268.56,805.68
1331,374,2,4,409.85,1639.4
1332,287,5,4,465.17,1860.68
1333,185,16,5,56.22,281.1
1334,135,23,5,227.13,1135.65
1335,703,14,2,74.83,149.66
1336,834,8,1,131.47,131.47
1337,739,25,3,463.92,1391.76
1338,824,8,2,131.47,262.94
1339,569,12,4,44.72,178.88
1340,877,20,4,131.84,527.36
1341,201,3,2,333.28,666.56
1342,820,22,2,146.49,292.98
1343,485,15,1,394.46,394.46
1344,181,19,4,207.28,829.12
1345,512,16,2,56.22,112.44
1346,915,21,5,229.82,1149.1
1347,547,10,3,117.91,353.73
1348,805,3,4,333.28,1333.12
1349,308,8,3,131.47,394.41
1350,576,5,5,465.17,2325.85
1351,49,12,4,44.72,178.88
1352,102,5,2,465.17,930.34
1353,62,23,2,227.13,454.26
1354,834,5,3,465.17,1395.51
1355,488,1,1,474.01,474.01
1356,461,13,3,337.8,1013.4
1357,267,15,3,394.46,1183.38
1358,369,12,5,44.72,223.6
1359,571,18,3,339.95,1019.85
1360,353,8,1,131.47,131.47
1361,422,24,1,329.55,329.55
1362,360,5,5,465.17,2325.85
1363,204,6,5,205.51,1027.55
1364,590,1,5,474.01,2370.05
1365,179,14,3,74.83,224.49
1366,364,24,3,329.55,988.65
1367,690,1,5,474.01,2370.05
1368,500,11,4,122.18,488.72
1369,911,16,1,56.22,56.22
1370,391,15,5,394.46,1972.3
1371,294,3,4,333.28,1333.12
1372,647,19,2,207.28,414.56
1373,890,17,2,217.55,435.1
1374,656,23,3,227.13,681.39
1375,432,19,5,207.28,1036.4
1376,586,23,4,227.13,908.52
1377,870,22,1,146.49,146.49
1378,82,7,2,450.81,901.62
1379,352,5,2,465.17,930.34
1380,322,18,3,339.95,1019.85
1381,669,22,3,146.49,439.47
1382,728,15,3,394.46,1183.38
1383,620,12,4,44.72,178.88
1384,278,5,4,465.17,1860.68
1385,800,14,3,74.83,224.49
1386,766,5,5,465.17,2325.85
1387,534,13,4,337.8,1351.2
1388,424,22,2,146.49,292.98
1389,189,3,1,333.28,333.28
1390,129,14,2,74.83,149.66
1391,678,14,3,74.83,224.49
1392,964,22,1,146.49,146.49
1393,216,4,2,268.56,537.12
1394,407,24,1,329.55,329.55
1395,98,9,1,20.31,20.31
1396,960,15,4,394.46,1577.84
1397,562,20,1,131.84,131.84
1398,27,4,4,268.56,1074.24
1399,537,24,1,329.55,329.55
1400,107,19,3,207.28,621.84
1401,633,17,2,217.55,435.1
1402,87,25,4,463.92,1855.68
1403,317,24,2,329.55,659.1
1404,254,5,3,465.17,1395.51
1405,454,1,2,474.01,948.02
1406,135,3,5,333.28,1666.4
1407,859,9,2,20.31,40.62
1408,30,8,1,131.47,131.47
1409,680,1,3,474.01,1422.03
1410,882,20,3,131.84,395.52
1411,885,1,4,474.01,1896.04
1412,479,20,5,131.84,659.2
1413,958,1,3,474.01,1422.03
1414,562,10,4,117.91,471.64
1415,139,6,5,205.51,1027.55
1416,182,25,5,463.92,2319.6
1417,612,4,4,268.56,1074.24
1418,647,6,5,205.51,1027.55
1419,446,3,5,333.28,1666.4
1420,656,14,5,74.83,374.15
1421,318,5,3,465.17,1395.51
1422,494,7,5,450.81,2254.05
1423,233,4,1,268.56,268.56
1424,453,17,3,217.55,652.65
1425,375,17,4,217.55,870.2
1426,267,20,2,131.84,263.68
1427,311,22,1,146.49,146.49
1428,1,9,5,20.31,101.55
1429,835,14,2,74.83,149.66
1430,353,23,3,227.13,681.39
1431,481,24,5,329.55,1647.75
1432,9,7,4,450.81,1803.24
1433,970,25,4,463.92,1855.68
1434,307,11,1,122.18,122.18
1435,785,22,4,146.49,585.96
1436,818,25,3,463.92,1391.76
1437,612,6,2,205.51,411.02
1438,816,25,1,463.92,463.92
1439,562,18,3,339.95,1019.85
1440,194,6,4,205.51,822.04
1441,904,1,5,474.01,2370.05
1442,448,16,4,56.22,224.88
1443,256,2,2,409.85,819.7
1444,733,17,4,217.55,870.2
1445,849,22,4,146.49,585.96
1446,226,1,3,474.01,1422.03
1447,82,6,4,205.51,822.04
1448,641,12,2,44.72,89.44
1449,530,5,5,465.17,2325.85
1450,827,23,3,227.13,681.39
1451,292,17,5,217.55,1087.75
1452,829,18,3,339.95,1019.85
1453,423,22,2,146.49,292.98
1454,874,20,1,131.84,131.84
1455,187,23,2,227.13,454.26
1456,297,2,1,409.85,409.85
1457,653,22,4,146.49,585.96
1458,633,22,4,146.49,585.96
1459,279,23,5,227.13,1135.65
1460,504,13,2,337.8,675.6
1461,329,19,1,207.28,207.28
1462,156,2,1,409.85,409.85
1463,993,8,5,131.47,657.35
1464,23,23,2,227.13,454.26
1465,996,17,1,217.55,217.55
1466,289,10,3,117.91,353.73
1467,129,8,4,131.47,525.88
1468,745,10,1,117.91,117.91
1469,239,11,1,122.18,122.18
1470,155,10,1,117.91,117.91
1471,506,4,2,268.56,537.12
1472,351,21,4,229.82,919.28
1473,320,8,4,131.47,525.88
1474,381,8,4,131.47,525.88
1475,714,25,1,463.92,463.92
1476,339,25,1,463.92,463.92
1477,864,20,2,131.84,263.68
1478,58,1,3,474.01,1422.03
1479,795,23,4,227.13,908.52
1480,74,9,5,20.31,101.55
1481,482,4,2,268.56,537.12
1482,197,1,3,474.01,1422.03
1483,837,21,4,229.82,919.28
1484,849,14,1,74.83,74.83
1485,125,12,2,44.72,89.44
1486,395,5,4,465.17,1860.68
1487,254,9,1,20.31,20.31
1488,204,10,4,117.91,471.64
1489,753,23,1,227.13,227.13
1490,534,3,2,333.28,666.56
1491,485,18,4,339.95,1359.8
1492,698,10,3,117.91,353.73
1493,959,15,3,394.46,1183.38
1494,163,7,1,450.81,450.81
1495,763,25,5,463.92,2319.6
1496,534,13,1,337.8,337.8
1497,260,7,4,450.81,1803.24
1498,654,7,3,450.81,1352.43
1499,204,23,3,227.13,681.39
1500,909,8,1,131.47,131.47
1501,885,22,2,146.49,292.98
1502,997,12,1,44.72,44.72
1503,242,17,4,217.55,870.2
1504,333,9,1,20.31,20.31
1505,172,16,3,56.22,168.66
1506,599,14,1,74.83,74.83
1507,406,12,2,44.72,89.44
1508,10,14,1,74.83,74.83
1509,596,15,4,394.46,1577.84
1510,705,21,5,229.82,1149.1
1511,159,1,3,474.01,1422.03
1512,790,12,1,44.72,44.72
1513,255,15,2,394.46,788.92
1514,512,20,1,131.84,131.84
1515,703,8,5,131.47,657.35
1516,347,7,1,450.81,450.81
1517,62,7,3,450.81,1352.43
1518,661,19,2,207.28,414.56
1519,719,15,5,394.46,1972.3
1520,811,1,1,474.01,474.01
1521,129,18,4,339.95,1359.8
1522,239,1,3,474.01,1422.03
1523,572,19,3,207.28,621.84
1524,825,6,4,205.51,822.04
1525,751,15,2,394.46,788.92
1526,22,22,4,146.49,585.96
1527,367,5,2,465.17,930.34
1528,257,4,1,268.56,268.56
1529,497,15,4,394.46,1577.84
1530,573,23,3,227.13,681.39
1531,556,19,4,207.28,829.12
1532,195,17,5,217.55,1087.75
1533,192,10,5,117.91,589.55
1534,357,21,3,229.82,689.46
1535,750,8,4,131.47,525.88
1536,282,20,5,131.84,659.2
1537,937,21,5,229.82,1149.1
1538,165,18,1,339.95,339.95
1539,544,24,2,329.55,659.1
1540,461,8,3,131.47,394.41
1541,840,9,3,20.31,60.93
1542,555,8,3,131.47,394.41
1543,465,25,1,463.92,463.92
1544,795,11,5,122.18,610.9
1545,389,16,2,56.22,112.44
1546,905,5,1,465.17,465.17
1547,635,19,3,207.28,621.84
1548,795,21,5,229.82,1149.1
1549,245,24,3,329.55,988.65
1550,739,4,1,268.56,268.56
1551,675,1,5,474.01,2370.05
1552,839,7,4,450.81,1803.24
1553,195,10,5,117.91,589.55
1554,700,4,4,268.56,1074.24
1555,785,5,5,465.17,2325.85
1556,158,7,5,450.81,2254.05
1557,290,19,3,207.28,621.84
1558,420,3,3,333.28,999.84
1559,114,24,1,329.55,329.55
1560,536,9,1,20.31,20.31
1561,45,22,2,146.49,292.98
1562,183,19,1,207.28,207.28
1563,207,8,1,131.47,131.47
1564,498,19,2,207.28,414.56
1565,102,17,1,217.55,217.55
1566,585,1,4,474.01,1896.04
1567,674,9,4,20.31,81.24
1568,539,12,5,44.72,223.6
1569,719,9,5,20.31,101.55
1570,263,5,1,465.17,465.17
1571,376,5,2,465.17,930.34
1572,621,13,1,337.8,337.8
1573,14,13,2,337.8,675.6
1574,672,4,4,268.56,1074.24
1575,951,9,1,20.31,20.31
1576,480,8,1,131.47,131.47
1577,370,14,5,74.83,374.15
1578,762,5,4,465.17,1860.68
1579,842,19,3,207.28,621.84
1580,814,20,1,131.84,131.84
1581,844,13,5,337.8,1689.0
1582,273,11,5,122.18,610.9
1583,42,15,1,394.46,394.46
1584,855,19,3,207.28,621.84
1585,80,22,2,146.49,292.98
1586,984,18,5,339.95,1699.75
1587,100,23,1,227.13,227.13
1588,743,20,2,131.84,263.68
1589,545,14,4,74.83,299.32
1590,195,7,2,450.81,901.62
1591,539,6,2,205.51,411.02
1592,584,17,2,217.55,435.1
1593,572,21,5,229.82,1149.1
1594,426,14,1,74.83,74.83
1595,785,5,5,465.17,2325.85
1596,367,22,4,146.49,585.96
1597,720,12,4,44.72,178.88
1598,905,4,1,268.56,268.56
1599,171,23,2,227.13,454.26
1600,564,16,4,56.22,224.88
1601,517,12,3,44.72,134.16
1602,674,14,2,74.83,149.66
1603,547,19,5,207.28,1036.4
1604,454,8,3,131.47,394.41
1605,925,19,3,207.28,621.84
1606,564,19,3,207.28,621.84
1607,866,10,3,117.91,353.73
1608,423,4,4,268.56,1074.24
1609,846,8,3,131.47,394.41
1610,624,15,2,394.46,788.92
1611,577,21,5,229.82,1149.1
1612,220,1,4,474.01,1896.04
1613,785,4,5,268.56,1342.8
1614,949,1,3,474.01,1422.03
1615,369,25,4,463.92,1855.68
1616,459,18,4,339.95,1359.8
1617,1,25,1,463.92,463.92
1618,292,14,5,74.83,374.15
1619,17,3,5,333.28,1666.4
1620,139,24,3,329.55,988.65
1621,7,25,3,463.92,1391.76
1622,228,11,2,122.18,244.36
1623,877,13,3,337.8,1013.4
1624,23,18,3,339.95,1019.85
1625,942,22,5,146.49,732.45
1626,524,11,5,122.18,610.9
1627,585,9,5,20.31,101.55
1628,159,2,1,409.85,409.85
1629,39,18,4,339.95,1359.8
1630,365,20,2,131.84,263.68
1631,142,1,3,474.01,1422.03
1632,376,2,5,409.85,2049.25
1633,256,3,2,333.28,666.56
1634,263,21,3,229.82,689.46
1635,95,24,5,329.55,1647.75
1636,410,21,5,229.82,1149.1
1637,940,22,2,146.49,292.98
1638,752,23,1,227.13,227.13
1639,741,2,3,409.85,1229.55
1640,812,3,4,333.28,1333.12
1641,178,7,4,450.81,1803.24
1642,846,22,5,146.49,732.45
1643,840,6,1,205.51,205.51
1644,610,6,3,205.51,616.53
1645,39,14,5,74.83,374.15
1646,391,9,1,20.31,20.31
1647,799,19,1,207.28,207.28
1648,944,19,3,207.28,621.84
1649,357,18,4,339.95,1359.8
1650,427,22,1,146.49,146.49
1651,891,25,2,463.92,927.84
1652,766,2,5,409.85,2049.25
1653,951,10,1,117.91,117.91
1654,650,19,4,207.28,829.12
1655,56,18,3,339.95,1019.85
1656,537,15,1,394.46,394.46
1657,327,12,5,44.72,223.6
1658,579,17,2,217.55,435.1
1659,335,18,5,339.95,1699.75
1660,715,10,2,117.91,235.82
1661,157,3,1,333.28,333.28
1662,690,3,4,333.28,1333.12
1663,995,17,4,217.55,870.2
1664,771,5,5,465.17,2325.85
1665,590,19,5,207.28,1036.4
1666,93,24,2,329.55,659.1
1667,443,6,3,205.51,616.53
1668,806,8,4,131.47,525.88
1669,152,20,2,131.84,263.68
1670,345,16,1,56.22,56.22
1671,488,22,5,146.49,732.45
1672,764,2,1,409.85,409.85
1673,562,8,4,131.47,525.88
1674,269,13,1,337.8,337.8
1675,409,15,5,394.46,1972.3
1676,445,3,2,333.28,666.56
1677,781,17,2,217.55,435.1
1678,493,22,5,146.49,732.45
1679,203,19,4,207.28,829.12
1680,405,16,5,56.22,281.1
1681,201,13,5,337.8,1689.0
1682,631,16,5,56.22,281.1
1683,253,24,2,329.55,659.1
1684,74,23,3,227.13,681.39
1685,796,20,4,131.84,527.36
1686,332,25,5,463.92,2319.6
1687,92,10,1,117.91,117.91
1688,688,2,4,409.85,1639.4
1689,434,23,3,227.13,681.39
1690,357,21,2,229.82,459.64
1691,329,7,3,450.81,1352.43
1692,609,16,1,56.22,56.22
1693,789,20,3,131.84,395.52
1694,174,22,3,146.49,439.47
1695,632,21,4,229.82,919.28
1696,639,24,2,329.55,659.1
1697,452,14,1,74.83,74.83
1698,947,1,2,474.01,948.02
1699,205,24,3,329.55,988.65
1700,160,24,1,329.55,329.55
1701,116,12,1,44.72,44.72
1702,249,16,5,56.22,281.1
1703,949,16,2,56.22,112.44
1704,890,7,3,450.81,1352.43
1705,15,23,3,227.13,681.39
1706,711,20,1,131.84,131.84
1707,313,18,4,339.95,1359.8
1708,483,14,1,74.83,74.83
1709,340,19,2,207.28,414.56
1710,758,16,5,56.22,281.1
1711,217,13,2,337.8,675.6
1712,560,5,5,465.17,2325.85
1713,769,8,3,131.47,394.41
1714,562,10,4,117.91,471.64
1715,638,6,2,205.51,411.02
1716,712,2,1,409.85,409.85
1717,386,20,5,131.84,659.2
1718,928,12,5,44.72,223.6
1719,45,17,3,217.55,652.65
1720,175,16,1,56.22,56.22
1721,291,25,2,463.92,927.84
1722,809,10,5,117.91,589.55
1723,278,18,1,339.95,339.95
1724,477,11,1,122.18,122.18
1725,69,20,4,131.84,527.36
1726,677,5,3,465.17,1395.51
1727,679,22,3,146.49,439.47
1728,886,16,1,56.22,56.22
1729,20,9,3,20.31,60.93
1730,889,2,4,409.85,1639.4
1731,237,1,4,474.01,1896.04
1732,521,1,1,474.01,474.01
1733,926,18,3,339.95,1019.85
1734,497,7,5,450.81,2254.05
1735,545,4,1,268.56,268.56
1736,191,19,2,207.28,414.56
1737,513,11,4,122.18,488.72
1738,575,11,1,122.18,122.18
1739,41,4,2,268.56,537.12
1740,945,2,5,409.85,2049.25
1741,313,10,3,117.91,353.73
1742,502,21,4,229.82,919.28
1743,763,18,2,339.95,679.9
1744,19,23,3,227.13,681.39
1745,701,21,3,229.82,689.46
1746,364,20,3,131.84,395.52
1747,242,8,5,131.47,657.35
1748,283,3,1,333.28,333.28
1749,641,3,3,333.28,999.84
1750,900,23,4,227.13,908.52
1751,912,7,1,450.81,450.81
1752,967,15,5,394.46,1972.3
1753,972,5,3,465.17,1395.51
1754,231,17,2,217.55,435.1
1755,350,3,4,333.28,1333.12
1756,673,22,2,146.49,292.98
1757,90,1,4,474.01,1896.04
1758,534,12,5,44.72,223.6
1759,894,9,2,20.31,40.62
1760,428,3,2,333.28,666.56
1761,587,10,2,117.91,235.82
1762,437,14,3,74.83,224.49
1763,932,21,5,229.82,1149.1
1764,338,25,4,463.92,1855.68
1765,556,12,2,44.72,89.44
1766,212,15,2,394.46,788.92
1767,595,15,5,394.46,1972.3
1768,701,17,2,217.55,435.1
1769,884,19,2,207.28,414.56
1770,317,19,5,207.28,1036.4
1771,932,18,2,339.95,679.9
1772,441,10,2,117.91,235.82
1773,672,7,5,450.81,2254.05
1774,940,2,2,409.85,819.7
1775,326,12,1,44.72,44.72
1776,571,4,5,268.56,1342.8
1777,972,25,1,463.92,463.92
1778,189,10,3,117.91,353.73
1779,860,12,2,44.72,89.44
1780,745,3,1,333.28,333.28
1781,784,7,3,450.81,1352.43
1782,902,10,4,117.91,471.64
1783,985,2,4,409.85,1639.4
1784,311,8,4,131.47,525.88
1785,764,11,3,122.18,366.54
1786,156,1,2,474.01,948.02
1787,110,14,2,74.83,149.66
1788,190,23,1,227.13,227.13
1789,781,14,5,74.83,374.15
1790,632,14,3,74.83,224.49
1791,621,10,5,117.91,589.55
1792,628,25,2,463.92,927.84
1793,611,24,2,329.55,659.1
1794,237,25,1,463.92,463.92
1795,368,19,1,207.28,207.28
1796,705,5,4,465.17,1860.68
1797,138,13,5,337.8,1689.0
1798,867,13,5,337.8,1689.0
1799,481,1,3,474.01,1422.03
1800,189,15,4,394.46,1577.84
1801,504,21,4,229.82,919.28
1802,141,3,2,333.28,666.56
1803,198,15,2,394.46,788.92
1804,34,5,4,465.17,1860.68
1805,783,1,1,474.01,474.01
1806,948,15,3,394.46,1183.38
1807,974,6,4,205.51,822.04
1808,228,4,2,268.56,537.12
1809,776,8,2,131.47,262.94
1810,68,7,2,450.81,901.62
1811,950,15,4,394.46,1577.84
1812,888,23,5,227.13,1135.65
1813,502,12,3,44.72,134.16
1814,888,12,4,44.72,178.88
1815,909,7,2,450.81,901.62
1816,438,9,4,20.31,81.24
1817,795,21,1,229.82,229.82
1818,623,1,4,474.01,1896.04
1819,738,23,3,227.13,681.39
1820,404,25,5,463.92,2319.6
1821,962,15,5,394.46,1972.3
1822,609,7,5,450.81,2254.05
1823,538,1,1,474.01,474.01
1824,534,4,1,268.56,268.56
1825,463,24,4,329.55,1318.2
1826,847,8,1,131.47,131.47
1827,899,5,2,465.17,930.34
1828,532,5,5,465.17,2325.85
1829,406,13,1,337.8,337.8
1830,572,7,4,450.81,1803.24
1831,529,13,1,337.8,337.8
1832,195,3,3,333.28,999.84
1833,451,12,4,44.72,178.88
1834,906,10,3,117.91,353.73
1835,793,11,3,122.18,366.54
1836,473,4,2,268.56,537.12
1837,433,4,3,268.56,805.68
1838,628,25,1,463.92,463.92
1839,707,22,5,146.49,732.45
1840,926,3,2,333.28,666.56
1841,475,6,4,205.51,822.04
1842,93,15,5,394.46,1972.3
1843,116,10,2,117.91,235.82
1844,798,14,5,74.83,374.15
1845,961,24,5,329.55,1647.75
1846,139,16,4,56.22,224.88
1847,424,22,3,146.49,439.47
1848,462,23,1,227.13,227.13
1849,184,17,4,217.55,870.2
1850,605,21,2,229.82,459.64
1851,904,3,4,333.28,1333.12
1852,93,6,3,205.51,616.53
1853,332,10,2,117.91,235.82
1854,736,4,1,268.56,268.56
1855,94,8,1,131.47,131.47
1856,724,24,4,329.55,1318.2
1857,650,6,3,205.51,616.53
1858,88,19,5,207.28,1036.4
1859,725,5,4,465.17,1860.68
1860,745,9,5,20.31,101.55
1861,627,1,2,474.01,948.02
1862,388,8,5,131.47,657.35
1863,390,12,1,44.72,44.72
1864,787,11,2,122.18,244.36
1865,935,18,3,339.95,1019.85
1866,580,1,2,474.01,948.02
1867,167,10,2,117.91,235.82
1868,184,3,1,333.28,333.28
1869,430,3,3,333.28,999.84
1870,317,9,4,20.31,81.24
1871,296,9,2,20.31,40.62
1872,121,21,2,229.82,459.64
1873,984,16,2,56.22,112.44
1874,4,2,5,409.85,2049.25
1875,784,2,3,409.85,1229.55
1876,13,7,4,450.81,1803.24
1877,510,11,4,122.18,488.72
1878,557,5,1,465.17,465.17
1879,623,4,4,268.56,1074.24
1880,244,24,2,329.55,659.1
1881,603,20,4,131.84,527.36
1882,465,14,4,74.83,299.32
1883,453,7,1,450.81,450.81
1884,616,12,5,44.72,223.6
1885,7,20,2,131.84,263.68
1886,904,19,5,207.28,1036.4
1887,285,18,5,339.95,1699.75
1888,644,4,5,268.56,1342.8
1889,840,22,2,146.49,292.98
1890,51,10,2,117.91,235.82
1891,152,25,1,463.92,463.92
1892,669,2,3,409.85,1229.55
1893,38,9,2,20.31,40.62
1894,875,6,1,205.51,205.51
1895,684,6,5,205.51,1027.55
1896,859,13,5,337.8,1689.0
1897,306,23,3,227.13,681.39
1898,943,20,1,131.84,131.84
1899,51,9,1,20.31,20.31
1900,427,18,2,339.95,679.9
1901,166,8,3,131.47,394.41
1902,626,7,5,450.81,2254.05
1903,587,15,5,394.46,1972.3
1904,182,19,4,207.28,829.12
1905,768,10,5,117.91,589.55
1906,369,23,1,227.13,227.13
1907,96,17,3,217.55,652.65
1908,331,16,3,56.22,168.66
1909,920,9,4,20.31,81.24
1910,840,12,1,44.72,44.72
1911,777,20,4,131.84,527.36
1912,864,19,5,207.28,1036.4
1913,67,18,3,339.95,1019.85
1914,483,7,2,450.81,901.62
1915,125,19,3,207.28,621.84
1916,338,17,5,217.55,1087.75
1917,424,1,5,474.01,2370.05
1918,215,7,2,450.81,901.62
1919,627,23,1,227.13,227.13
1920,112,22,5,146.49,732.45
1921,748,15,5,394.46,1972.3
1922,90,4,4,268.56,1074.24
1923,742,14,5,74.83,374.15
1924,957,14,3,74.83,224.49
1925,438,4,5,268.56,1342.8
1926,869,24,3,329.55,988.65
1927,266,20,5,131.84,659.2
1928,589,21,5,229.82,1149.1
1929,363,10,2,117.91,235.82
1930,630,24,5,329.55,1647.75
1931,509,2,5,409.85,2049.25
1932,747,2,4,409.85,1639.4
1933,505,11,2,122.18,244.36
1934,905,22,5,146.49,732.45
1935,239,1,3,474.01,1422.03
1936,199,15,1,394.46,394.46
1937,122,1,1,474.01,474.01
1938,477,2,1,409.85,409.85
1939,756,20,2,131.84,263.68
1940,819,3,5,333.28,1666.4
1941,425,4,4,268.56,1074.24
1942,47,25,3,463.92,1391.76
1943,359,2,5,409.85,2049.25
1944,826,7,2,450.81,901.62
1945,12,15,2,394.46,788.92
1946,707,15,3,394.46,1183.38
1947,261,3,1,333.28,333.28
1948,316,20,3,131.84,395.52
1949,519,1,5,474.01,2370.05
1950,332,2,1,409.85,409.85
1951,117,2,3,409.85,1229.55
1952,350,18,4,339.95,1359.8
1953,742,22,5,146.49,732.45
1954,631,5,1,465.17,465.17
1955,853,22,2,146.49,292.98
1956,199,10,3,117.91,353.73
1957,854,9,3,20.31,60.93
1958,945,3,4,333.28,1333.12
1959,939,5,4,465.17,1860.68
1960,817,7,1,450.81,450.81
1961,662,9,2,20.31,40.62
1962,494,8,2,131.47,262.94
1963,643,1,4,474.01,1896.04
1964,914,20,5,131.84,659.2
1965,918,6,3,205.51,616.53
1966,474,4,4,268.56,1074.24
1967,951,9,1,20.31,20.31
1968,856,10,5,117.91,589.55
1969,307,22,5,146.49,732.45
1970,743,20,3,131.84,395.52
1971,569,25,5,463.92,2319.6
1972,20,22,2,146.49,292.98
1973,592,14,3,74.83,224.49
1974,819,22,3,146.49,439.47
1975,68,22,2,146.49,292.98
1976,288,20,1,131.84,131.84
1977,348,10,4,117.91,471.64
1978,642,7,5,450.81,2254.05
1979,863,5,2,465.17,930.34
1980,585,22,5,146.49,732.45
1981,399,23,2,227.13,454.26
1982,610,3,1,333.28,333.28
1983,886,23,3,227.13,681.39
1984,723,5,3,465.17,1395.51
1985,727,8,1,131.47,131.47
1986,279,13,4,337.8,1351.2
1987,89,9,4,20.31,81.24
1988,899,23,2,227.13,454.26
1989,381,22,4,146.49,585.96
1990,850,2,3,409.85,1229.55
1991,222,4,5,268.56,1342.8
1992,310,12,2,44.72,89.44
1993,115,15,3,394.46,1183.38
1994,804,21,1,229.82,229.82
1995,797,18,2,339.95,679.9
1996,936,14,1,74.83,74.83
1997,455,12,5,44.72,223.6
1998,26,20,4,131.84,527.36
1999,927,24,5,329.55,1647.75
2000,158,18,2,339.95,679.9
2001,349,4,4,268.56,1074.24
2002,751,18,5,339.95,1699.75
2003,318,16,3,56.22,168.66
2004,147,19,1,207.28,207.28
2005,842,15,5,394.46,1972.3
2006,693,4,2,268.56,537.12
2007,211,6,1,205.51,205.51
2008,471,12,4,44.72,178.88
2009,731,5,5,465.17,2325.85
2010,119,8,1,131.47,131.47
2011,319,11,1,122.18,122.18
2012,704,9,5,20.31,101.55
2013,893,14,1,74.83,74.83
2014,342,10,4,117.91,471.64
2015,911,8,1,131.47,131.47
2016,106,25,5,463.92,2319.6
2017,785,8,3,131.47,394.41
2018,24,6,5,205.51,1027.55
2019,777,16,3,56.22,168.66
2020,655,12,2,44.72,89.44
2021,329,7,2,450.81,901.62
2022,198,7,3,450.81,1352.43
2023,284,8,5,131.47,657.35
2024,327,12,4,44.72,178.88
2025,688,25,1,463.92,463.92
2026,280,2,2,409.85,819.7
2027,162,20,3,131.84,395.52
2028,118,1,1,474.01,474.01
2029,982,6,5,205.51,1027.55
2030,574,21,5,229.82,1149.1
2031,105,19,2,207.28,414.56
2032,556,25,3,463.92,1391.76
2033,563,3,3,333.28,999.84
2034,278,13,2,337.8,675.6
2035,966,13,3,337.8,1013.4
2036,588,18,2,339.95,679.9
2037,176,22,1,146.49,146.49
2038,319,7,5,450.81,2254.05
2039,914,2,3,409.85,1229.55
2040,554,15,4,394.46,1577.84
2041,52,4,2,268.56,537.12
2042,30,3,4,333.28,1333.12
2043,925,19,1,207.28,207.28
2044,109,4,4,268.56,1074.24
2045,56,23,1,227.13,227.13
2046,437,18,4,339.95,1359.8
2047,184,21,5,229.82,1149.1
2048,913,4,5,268.56,1342.8
2049,645,7,4,450.81,1803.24
2050,632,20,3,131.84,395.52
2051,320,23,3,227.13,681.39
2052,838,20,2,131.84,263.68
2053,731,10,5,117.91,589.55
2054,81,8,4,131.47,525.88
2055,582,12,2,44.72,89.44
2056,96,3,4,333.28,1333.12
2057,100,5,4,465.17,1860.68
2058,318,17,4,217.55,870.2
2059,482,12,2,44.72,89.44
2060,971,4,2,268.56,537.12
2061,148,16,5,56.22,281.1
2062,265,13,3,337.8,1013.4
2063,402,13,2,337.8,675.6
2064,717,20,3,131.84,395.52
2065,808,17,3,217.55,652.65
2066,465,5,4,465.17,1860.68
2067,31,13,1,337.8,337.8
2068,487,15,1,394.46,394.46
2069,360,19,4,207.28,829.12
2070,473,22,2,146.49,292.98
2071,290,2,3,409.85,1229.55
2072,619,12,5,44.72,223.6
2073,131,4,5,268.56,1342.8
2074,106,17,4,217.55,870.2
2075,838,12,1,44.72,44.72
2076,334,19,5,207.28,1036.4
2077,666,8,1,131.47,131.47
2078,812,21,3,229.82,689.46
2079,546,7,4,450.81,1803.24
2080,411,16,5,56.22,281.1
2081,424,2,2,409.85,819.7
2082,636,24,2,329.55,659.1
2083,562,5,2,465.17,930.34
2084,998,21,4,229.82,919.28
2085,394,2,1,409.85,409.85
2086,349,10,2,117.91,235.82
2087,834,21,5,229.82,1149.1
2088,442,14,4,74.83,299.32
2089,581,13,3,337.8,1013.4
2090,558,10,2,117.91,235.82
2091,178,10,1,117.91,117.91
2092,758,8,5,131.47,657.35
2093,857,17,4,217.55,870.2
2094,118,17,5,217.55,1087.75
2095,611,17,4,217.55,870.2
2096,334,15,5,394.46,1972.3
2097,100,16,4,56.22,224.88
2098,181,4,3,268.56,805.68
2099,979,4,4,268.56,1074.24
2100,72,6,5,205.51,1027.55
2101,112,7,5,450.81,2254.05
2102,790,6,4,205.51,822.04
2103,336,1,4,474.01,1896.04
2104,661,3,1,333.28,333.28
2105,93,17,2,217.55,435.1
2106,837,23,2,227.13,454.26
2107,909,14,5,74.83,374.15
2108,925,19,1,207.28,207.28
2109,776,15,2,394.46,788.92
2110,677,3,2,333.28,666.56
2111,464,20,5,131.84,659.2
2112,299,18,4,339.95,1359.8
2113,631,14,5,74.83,374.15
2114,458,18,2,339.95,679.9
2115,211,12,3,44.72,134.16
2116,307,21,5,229.82,1149.1
2117,814,11,3,122.18,366.54
2118,941,17,4,217.55,870.2
2119,736,22,3,146.49,439.47
2120,92,9,5,20.31,101.55
2121,9,8,5,131.47,657.35
2122,523,24,4,329.55,1318.2
2123,868,15,2,394.46,788.92
2124,873,21,3,229.82,689.46
2125,64,20,3,131.84,395.52
2126,923,1,5,474.01,2370.05
2127,992,18,1,339.95,339.95
2128,1,5,5,465.17,2325.85
2129,841,4,3,268.56,805.68
2130,113,15,3,394.46,1183.38
2131,887,18,1,339.95,339.95
2132,241,13,4,337.8,1351.2
2133,720,6,5,205.51,1027.55
2134,404,22,3,146.49,439.47
2135,729,14,4,74.83,299.32
2136,416,19,4,207.28,829.12
2137,446,20,5,131.84,659.2
2138,217,14,2,74.83,149.66
2139,487,3,2,333.28,666.56
2140,193,9,5,20.31,101.55
2141,394,6,3,205.51,616.53
2142,861,25,4,463.92,1855.68
2143,158,25,3,463.92,1391.76
2144,894,23,2,227.13,454.26
2145,138,2,1,409.85,409.85
2146,74,17,1,217.55,217.55
2147,148,13,4,337.8,1351.2
2148,674,8,4,131.47,525.88
2149,999,18,2,339.95,679.9
2150,87,20,2,131.84,263.68
2151,658,7,4,450.81,1803.24
2152,881,14,4,74.83,299.32
2153,916,25,5,463.92,2319.6
2154,953,6,4,205.51,822.04
2155,639,10,2,117.91,235.82
2156,466,12,5,44.72,223.6
2157,435,2,5,409.85,2049.25
2158,840,14,4,74.83,299.32
2159,394,16,3,56.22,168.66
2160,232,20,2,131.84,263.68
2161,435,6,5,205.51,1027.55
2162,8,21,5,229.82,1149.1
2163,511,13,2,337.8,675.6
2164,730,6,5,205.51,1027.55
2165,276,15,4,394.46,1577.84
2166,949,13,5,337.8,1689.0
2167,591,19,3,207.28,621.84
2168,35,5,1,465.17,465.17
2169,582,13,4,337.8,1351.2
2170,722,18,3,339.95,1019.85
2171,116,2,5,409.85,2049.25
2172,494,1,1,474.01,474.01
2173,146,12,5,44.72,223.6
2174,880,15,3,394.46,1183.38
2175,477,24,5,329.55,1647.75
2176,81,6,5,205.51,1027.55
2177,912,25,5,463.92,2319.6
2178,91,25,2,463.92,927.84
2179,484,6,1,205.51,205.51
2180,701,7,5,450.81,2254.05
2181,818,24,5,329.55,1647.75
2182,320,9,5,20.31,101.55
2183,55,3,3,333.28,999.84
2184,548,22,1,146.49,146.49
2185,481,18,4,339.95,1359.8
2186,525,14,4,74.83,299.32
2187,588,20,3,131.84,395.52
2188,432,8,3,131.47,394.41
2189,984,16,3,56.22,168.66
2190,297,8,2,131.47,262.94
2191,37,3,5,333.28,1666.4
2192,768,21,3,229.82,689.46
2193,745,18,5,339.95,1699.75
2194,267,6,1,205.51,205.51
2195,645,22,4,146.49,585.96
2196,593,23,2,227.13,454.26
2197,587,3,1,333.28,333.28
2198,673,22,3,146.49,439.47
2199,829,12,5,44.72,223.6
2200,28,24,3,329.55,988.65
2201,497,22,1,146.49,146.49
2202,130,20,5,131.84,659.2
2203,79,16,3,56.22,168.66
2204,259,9,2,20.31,40.62
2205,631,10,3,117.91,353.73
2206,282,12,3,44.72,134.16
2207,15,2,1,409.85,409.85
2208,619,15,2,394.46,788.92
2209,932,7,5,450.81,2254.05
2210,757,24,2,329.55,659.1
2211,675,7,4,450.81,1803.24
2212,379,22,2,146.49,292.98
2213,268,20,2,131.84,263.68
2214,497,23,2,227.13,454.26
2215,819,6,5,205.51,1027.55
2216,883,1,1,474.01,474.01
2217,352,18,1,339.95,339.95
2218,991,20,2,131.84,263.68
2219,610,7,2,450.81,901.62
2220,858,18,4,339.95,1359.8
2221,771,7,4,450.81,1803.24
2222,789,1,4,474.01,1896.04
2223,244,7,4,450.81,1803.24
2224,744,6,2,205.51,411.02
2225,216,3,5,333.28,1666.4
2226,752,11,3,122.18,366.54
2227,56,7,3,450.81,1352.43
2228,774,25,1,463.92,463.92
2229,54,17,2,217.55,435.1
2230,476,19,4,207.28,829.12
2231,488,10,3,117.91,353.73
2232,488,18,5,339.95,1699.75
2233,240,25,4,463.92,1855.68
2234,700,17,4,217.55,870.2
2235,486,14,3,74.83,224.49
2236,149,2,5,409.85,2049.25
2237,892,2,4,409.85,1639.4
2238,13,13,3,337.8,1013.4
2239,950,23,4,227.13,908.52
2240,392,19,3,207.28,621.84
2241,985,14,5,74.83,374.15
2242,700,11,1,122.18,122.18
2243,100,13,5,337.8,1689.0
2244,653,16,3,56.22,168.66
2245,980,4,4,268.56,1074.24
2246,626,10,3,117.91,353.73
2247,344,11,3,122.18,366.54
2248,274,2,1,409.85,409.85
2249,262,3,5,333.28,1666.4
2250,401,19,4,207.28,829.12
2251,792,2,2,409.85,819.7
2252,752,10,5,117.91,589.55
2253,789,18,2,339.95,679.9
2254,533,8,3,131.47,394.41
2255,694,9,2,20.31,40.62
2256,321,22,5,146.49,732.45
2257,11,14,1,74.83,74.83
2258,852,8,1,131.47,131.47
2259,13,8,4,131.47,525.88
2260,101,11,5,122.18,610.9
2261,107,20,4,131.84,527.36
2262,360,18,2,339.95,679.9
2263,743,13,3,337.8,1013.4
2264,258,8,2,131.47,262.94
2265,35,18,1,339.95,339.95
2266,635,9,1,20.31,20.31
2267,59,18,5,339.95,1699.75
2268,673,22,2,146.49,292.98
2269,974,9,5,20.31,101.55
2270,654,20,1,131.84,131.84
2271,726,18,1,339.95,339.95
2272,89,25,5,463.92,2319.6
2273,134,18,4,339.95,1359.8
2274,673,18,5,339.95,1699.75
2275,823,22,2,146.49,292.98
2276,918,20,1,131.84,131.84
2277,713,10,2,117.91,235.82
2278,260,19,3,207.28,621.84
2279,479,12,1,44.72,44.72
2280,655,7,4,450.81,1803.24
2281,945,17,3,217.55,652.65
2282,788,23,4,227.13,908.52
2283,709,14,3,74.83,224.49
2284,264,15,2,394.46,788.92
2285,800,24,1,329.55,329.55
2286,284,3,1,333.28,333.28
2287,392,20,4,131.84,527.36
2288,341,12,1,44.72,44.72
2289,265,24,3,329.55,988.65
2290,183,19,4,207.28,829.12
2291,72,19,4,207.28,829.12
2292,951,12,2,44.72,89.44
2293,625,1,4,474.01,1896.04
2294,183,22,4,146.49,585.96
2295,112,18,2,339.95,679.9
2296,554,23,4,227.13,908.52
2297,224,17,5,217.55,1087.75
2298,659,8,1,131.47,131.47
2299,935,3,4,333.28,1333.12
2300,733,11,3,122.18,366.54
2301,106,13,1,337.8,337.8
2302,75,15,1,394.46,394.46
2303,586,6,3,205.51,616.53
2304,796,19,4,207.28,829.12
2305,20,22,4,146.49,585.96
2306,153,3,1,333.28,333.28
2307,956,20,1,131.84,131.84
2308,681,24,4,329.55,1318.2
2309,273,8,2,131.47,262.94
2310,717,12,3,44.72,134.16
2311,927,13,4,337.8,1351.2
2312,589,8,1,131.47,131.47
2313,528,5,4,465.17,1860.68
2314,490,21,4,229.82,919.28
2315,414,1,1,474.01,474.01
2316,554,2,2,409.85,819.7
2317,4,3,4,333.28,1333.12
2318,978,14,4,74.83,299.32
2319,125,11,5,122.18,610.9
2320,549,5,3,465.17,1395.51
2321,342,6,3,205.51,616.53
2322,411,14,1,74.83,74.83
2323,648,22,1,146.49,146.49
2324,375,6,5,205.51,1027.55
2325,874,21,3,229.82,689.46
2326,83,9,4,20.31,81.24
2327,779,5,3,465.17,1395.51
2328,664,8,2,131.47,262.94
2329,181,9,5,20.31,101.55
2330,41,20,4,131.84,527.36
2331,677,19,2,207.28,414.56
2332,307,23,4,227.13,908.52
2333,918,17,1,217.55,217.55
2334,646,16,3,56.22,168.66
2335,499,18,1,339.95,339.95
2336,907,10,4,117.91,471.64
2337,753,22,2,146.49,292.98
2338,144,5,1,465.17,465.17
2339,198,20,1,131.84,131.84
2340,738,14,5,74.83,374.15
2341,245,4,4,268.56,1074.24
2342,399,20,1,131.84,131.84
2343,812,3,5,333.28,1666.4
2344,659,20,3,131.84,395.52
2345,512,19,5,207.28,1036.4
2346,989,19,4,207.28,829.12
2347,990,18,1,339.95,339.95
2348,38,20,3,131.84,395.52
2349,58,1,3,474.01,1422.03
2350,807,4,1,268.56,268.56
2351,416,9,1,20.31,20.31
2352,217,14,5,74.83,374.15
2353,470,24,5,329.55,1647.75
2354,153,5,5,465.17,2325.85
2355,239,25,1,463.92,463.92
2356,38,20,2,131.84,263.68
2357,501,22,1,146.49,146.49
2358,483,10,5,117.91,589.55
2359,47,5,2,465.17,930.34
2360,719,11,2,122.18,244.36
2361,15,7,2,450.81,901.62
2362,648,19,1,207.28,207.28
2363,927,6,3,205.51,616.53
2364,841,21,1,229.82,229.82
2365,468,21,5,229.82,1149.1
2366,175,4,5,268.56,1342.8
2367,66,6,1,205.51,205.51
2368,117,23,4,227.13,908.52
2369,610,20,5,131.84,659.2
2370,226,5,1,465.17,465.17
2371,824,19,2,207.28,414.56
2372,437,13,3,337.8,1013.4
2373,831,15,4,394.46,1577.84
2374,333,14,1,74.83,74.83
2375,1000,6,5,205.51,1027.55
2376,559,5,2,465.17,930.34
2377,330,6,2,205.51,411.02
2378,783,23,1,227.13,227.13
2379,608,8,2,131.47,262.94
2380,344,8,1,131.47,131.47
2381,124,1,3,474.01,1422.03
2382,145,4,4,268.56,1074.24
2383,173,19,3,207.28,621.84
2384,567,14,2,74.83,149.66
2385,450,14,2,74.83,149.66
2386,948,3,5,333.28,1666.4
2387,42,6,2,205.51,411.02
2388,103,2,5,409.85,2049.25
2389,386,24,2,329.55,659.1
2390,17,9,4,20.31,81.24
2391,83,8,1,131.47,131.47
2392,8,6,2,205.51,411.02
2393,949,16,1,56.22,56.22
2394,724,11,5,122.18,610.9
2395,909,15,3,394.46,1183.38
2396,427,18,4,339.95,1359.8
2397,709,19,2,207.28,414.56
2398,212,10,2,117.91,235.82
2399,656,13,3,337.8,1013.4
2400,536,5,4,465.17,1860.68
2401,422,22,2,146.49,292.98
2402,961,17,2,217.55,435.1
2403,626,12,1,44.72,44.72
2404,611,4,2,268.56,537.12
2405,735,8,4,131.47,525.88
2406,627,7,1,450.81,450.81
2407,643,11,3,122.18,366.54
2408,357,2,4,409.85,1639.4
2409,5,24,5,329.55,1647.75
2410,242,19,2,207.28,414.56
2411,121,7,5,450.81,2254.05
2412,98,17,5,217.55,1087.75
2413,371,13,5,337.8,1689.0
2414,520,8,2,131.47,262.94
2415,476,24,2,329.55,659.1
2416,284,24,1,329.55,329.55
2417,199,20,1,131.84,131.84
2418,816,3,2,333.28,666.56
2419,702,17,4,217.55,870.2
2420,510,24,2,329.55,659.1
2421,164,5,1,465.17,465.17
2422,56,22,3,146.49,439.47
2423,292,23,2,227.13,454.26
2424,446,8,3,131.47,394.41
2425,343,22,5,146.49,732.45
2426,825,22,4,146.49,585.96
2427,45,4,1,268.56,268.56
2428,759,4,1,268.56,268.56
2429,948,1,5,474.01,2370.05
2430,181,10,2,117.91,235.82
2431,805,12,1,44.72,44.72
2432,497,2,5,409.85,2049.25
2433,119,13,1,337.8,337.8
2434,917,14,2,74.83,149.66
2435,739,6,4,205.51,822.04
2436,607,12,5,44.72,223.6
2437,334,1,4,474.01,1896.04
2438,204,7,3,450.81,1352.43
2439,236,17,1,217.55,217.55
2440,334,15,2,394.46,788.92
2441,101,6,2,205.51,411.02
2442,756,8,4,131.47,525.88
2443,891,8,2,131.47,262.94
2444,385,9,2,20.31,40.62
2445,76,10,4,117.91,471.64
2446,600,2,4,409.85,1639.4
2447,56,15,4,394.46,1577.84
2448,149,24,2,329.55,659.1
2449,951,17,5,217.55,1087.75
2450,466,12,2,44.72,89.44
2451,397,25,3,463.92,1391.76
2452,140,16,4,56.22,224.88
2453,738,15,2,394.46,788.92
2454,648,22,3,146.49,439.47
2455,999,11,3,122.18,366.54
2456,208,22,3,146.49,439.47
2457,131,1,1,474.01,474.01
2458,709,20,5,131.84,659.2
2459,62,24,3,329.55,988.65
2460,140,25,1,463.92,463.92
2461,873,13,4,337.8,1351.2
2462,470,10,4,117.91,471.64
2463,176,22,3,146.49,439.47
2464,226,3,3,333.28,999.84
2465,619,9,2,20.31,40.62
2466,809,5,5,465.17,2325.85
2467,928,17,2,217.55,435.1
2468,592,6,5,205.51,1027.55
2469,876,18,2,339.95,679.9
2470,89,8,4,131.47,525.88
2471,878,24,5,329.55,1647.75
2472,501,19,2,207.28,414.56
2473,606,21,4,229.82,919.28
2474,858,1,4,474.01,1896.04
2475,286,19,1,207.28,207.28
2476,748,12,4,44.72,178.88
2477,754,11,2,122.18,244.36
2478,254,20,3,131.84,395.52
2479,445,18,5,339.95,1699.75
2480,228,4,5,268.56,1342.8
2481,969,20,2,131.84,263.68
2482,936,20,5,131.84,659.2
2483,920,23,1,227.13,227.13
2484,428,4,1,268.56,268.56
2485,42,13,4,337.8,1351.2
2486,752,14,5,74.83,374.15
2487,35,7,4,450.81,1803.24
2488,544,15,4,394.46,1577.84
2489,491,10,1,117.91,117.91
2490,464,24,4,329.55,1318.2
2491,247,4,1,268.56,268.56
2492,572,18,1,339.95,339.95
2493,710,6,4,205.51,822.04
2494,973,22,2,146.49,292.98
2495,136,9,3,20.31,60.93
2496,303,19,2,207.28,414.56
2497,664,22,1,146.49,146.49
2498,17,14,4,74.83,299.32
2499,686,3,3,333.28,999.84
2500,166,1,4,474.01,1896.04
2501,879,25,5,463.92,2319.6
2502,766,5,5,465.17,2325.85
2503,25,12,4,44.72,178.88
2504,475,6,2,205.51,411.02
2505,896,16,4,56.22,224.88
2506,190,15,3,394.46,1183.38
2507,642,22,4,146.49,585.96
2508,721,25,1,463.92,463.92
2509,882,10,1,117.91,117.91
2510,395,24,3,329.55,988.65
2511,544,5,1,465.17,465.17
2512,304,24,4,329.55,1318.2
2513,771,13,3,337.8,1013.4
2514,715,6,5,205.51,1027.55
2515,556,7,5,450.81,2254.05
2516,814,17,2,217.55,435.1
2517,807,8,1,131.47,131.47
2518,636,11,3,122.18,366.54
2519,754,12,1,44.72,44.72
2520,528,16,3,56.22,168.66
2521,910,7,1,450.81,450.81
2522,114,25,4,463.92,1855.68
2523,375,10,4,117.91,471.64
2524,634,20,1,131.84,131.84
2525,375,17,3,217.55,652.65
2526,180,6,5,205.51,1027.55
2527,722,6,1,205.51,205.51
2528,575,23,2,227.13,454.26
2529,142,2,3,409.85,1229.55
2530,245,10,5,117.91,589.55
2531,117,15,4,394.46,1577.84
2532,756,15,5,394.46,1972.3
2533,893,24,2,329.55,659.1
2534,772,23,2,227.13,454.26
2535,329,17,3,217.55,652.65
2536,920,2,3,409.85,1229.55
2537,516,19,4,207.28,829.12
2538,284,3,1,333.28,333.28
2539,65,5,3,465.17,1395.51
2540,354,4,4,268.56,1074.24
2541,498,23,5,227.13,1135.65
2542,540,2,1,409.85,409.85
2543,482,22,5,146.49,732.45
2544,695,4,5,268.56,1342.8
2545,922,4,3,268.56,805.68
2546,463,3,5,333.28,1666.4
2547,377,2,1,409.85,409.85
2548,193,20,4,131.84,527.36
2549,90,3,1,333.28,333.28
2550,401,11,2,122.18,244.36
2551,296,25,1,463.92,463.92
2552,112,18,2,339.95,679.9
2553,283,19,1,207.28,207.28
2554,714,2,2,409.85,819.7
2555,509,13,2,337.8,675.6
2556,896,22,2,146.49,292.98
2557,534,22,1,146.49,146.49
2558,301,22,4,146.49,585.96
2559,993,18,5,339.95,1699.75
2560,955,10,2,117.91,235.82
2561,486,10,3,117.91,353.73
2562,431,19,4,207.28,829.12
2563,756,14,1,74.83,74.83
2564,299,2,2,409.85,819.7
2565,65,3,1,333.28,333.28
2566,893,2,2,409.85,819.7
2567,855,5,5,465.17,2325.85
2568,661,19,3,207.28,621.84
2569,422,6,5,205.51,1027.55
2570,352,7,3,450.81,1352.43
2571,498,21,5,229.82,1149.1
2572,682,6,5,205.51,1027.55
2573,863,24,5,329.55,1647.75
2574,456,12,4,44.72,178.88
2575,312,24,5,329.55,1647.75
2576,136,18,3,339.95,1019.85
2577,176,18,3,339.95,1019.85
2578,233,5,4,465.17,1860.68
2579,381,11,3,122.18,366.54
2580,789,3,1,333.28,333.28
2581,152,5,3,465.17,1395.51
2582,292,1,4,474.01,1896.04
2583,980,10,2,117.91,235.82
2584,634,9,2,20.31,40.62
2585,729,25,5,463.92,2319.6
2586,293,14,2,74.83,149.66
2587,997,3,2,333.28,666.56
2588,860,16,2,56.22,112.44
2589,166,15,2,394.46,788.92
2590,120,16,1,56.22,56.22
2591,325,12,5,44.72,223.6
2592,130,10,4,117.91,471.64
2593,267,5,3,465.17,1395.51
2594,189,8,2,131.47,262.94
2595,576,3,1,333.28,333.28
2596,682,19,3,207.28,621.84
2597,353,15,2,394.46,788.92
2598,382,19,4,207.28,829.12
2599,553,19,2,207.28,414.56
2600,547,20,3,131.84,395.52
2601,125,19,1,207.28,207.28
2602,415,25,4,463.92,1855.68
2603,787,21,2,229.82,459.64
2604,971,20,4,131.84,527.36
2605,951,1,3,474.01,1422.03
2606,160,9,1,20.31,20.31
2607,994,3,5,333.28,1666.4
2608,1000,7,5,450.81,2254.05
2609,340,15,3,394.46,1183.38
2610,486,12,3,44.72,134.16
2611,993,7,5,450.81,2254.05
2612,683,25,2,463.92,927.84
2613,819,21,5,229.82,1149.1
2614,747,22,4,146.49,585.96
2615,347,16,1,56.22,56.22
2616,750,15,4,394.46,1577.84
2617,922,23,1,227.13,227.13
2618,143,2,5,409.85,2049.25
2619,120,13,3,337.8,1013.4
2620,26,1,4,474.01,1896.04
2621,633,7,2,450.81,901.62
2622,457,20,3,131.84,395.52
2623,95,23,3,227.13,681.39
2624,57,16,5,56.22,281.1
2625,657,16,2,56.22,112.44
2626,598,19,5,207.28,1036.4
2627,228,22,3,146.49,439.47
2628,201,9,1,20.31,20.31
2629,86,23,5,227.13,1135.65
2630,870,25,4,463.92,1855.68
2631,694,25,1,463.92,463.92
2632,1000,25,5,463.92,2319.6
2633,404,9,2,20.31,40.62
2634,503,21,3,229.82,689.46
2635,618,20,5,131.84,659.2
2636,524,25,1,463.92,463.92
2637,931,7,3,450.81,1352.43
2638,408,15,2,394.46,788.92
2639,734,10,4,117.91,471.64
2640,379,25,4,463.92,1855.68
2641,382,22,1,146.49,146.49
2642,292,13,3,337.8,1013.4
2643,360,23,3,227.13,681.39
2644,457,20,5,131.84,659.2
2645,90,25,2,463.92,927.84
2646,746,9,4,20.31,81.24
2647,760,10,4,117.91,471.64
2648,823,23,4,227.13,908.52
2649,296,8,2,131.47,262.94
2650,826,14,4,74.83,299.32
2651,747,4,4,268.56,1074.24
2652,143,13,5,337.8,1689.0
2653,613,11,1,122.18,122.18
2654,148,6,2,205.51,411.02
2655,311,15,4,394.46,1577.84
2656,889,4,5,268.56,1342.8
2657,344,25,1,463.92,463.92
2658,956,15,5,394.46,1972.3
2659,775,21,4,229.82,919.28
2660,91,19,1,207.28,207.28
2661,420,25,3,463.92,1391.76
2662,425,4,2,268.56,537.12
2663,570,9,4,20.31,81.24
2664,728,13,5,337.8,1689.0
2665,774,22,2,146.49,292.98
2666,205,5,2,465.17,930.34
2667,853,3,4,333.28,1333.12
2668,297,3,5,333.28,1666.4
2669,503,15,1,394.46,394.46
2670,843,23,3,227.13,681.39
2671,855,22,5,146.49,732.45
2672,312,4,4,268.56,1074.24
2673,573,2,4,409.85,1639.4
2674,230,17,1,217.55,217.55
2675,811,1,1,474.01,474.01
2676,158,18,3,339.95,1019.85
2677,308,12,4,44.72,178.88
2678,128,16,3,56.22,168.66
2679,428,10,2,117.91,235.82
2680,504,7,2,450.81,901.62
2681,30,18,1,339.95,339.95
2682,784,10,3,117.91,353.73
2683,505,8,1,131.47,131.47
2684,614,1,3,474.01,1422.03
2685,596,3,4,333.28,1333.12
2686,580,4,4,268.56,1074.24
2687,890,10,3,117.91,353.73
2688,644,14,4,74.83,299.32
2689,998,3,1,333.28,333.28
2690,383,10,5,117.91,589.55
2691,751,25,5,463.92,2319.6
2692,18,12,3,44.72,134.16
2693,167,18,5,339.95,1699.75
2694,60,9,2,20.31,40.62
2695,328,17,4,217.55,870.2
2696,900,24,2,329.55,659.1
2697,366,3,2,333.28,666.56
2698,55,16,3,56.22,168.66
2699,370,25,4,463.92,1855.68
2700,652,25,3,463.92,1391.76
2701,50,20,3,131.84,395.52
2702,299,5,5,465.17,2325.85
2703,655,7,1,450.81,450.81
2704,527,19,2,207.28,414.56
2705,785,21,2,229.82,459.64
2706,784,8,1,131.47,131.47
2707,614,1,2,474.01,948.02
2708,557,7,3,450.81,1352.43
2709,894,22,3,146.49,439.47
2710,847,19,3,207.28,621.84
2711,278,3,3,333.28,999.84
2712,99,9,5,20.31,101.55
2713,594,5,3,465.17,1395.51
2714,844,12,2,44.72,89.44
2715,14,24,2,329.55,659.1
2716,531,16,3,56.22,168.66
2717,382,25,4,463.92,1855.68
2718,422,6,3,205.51,616.53
2719,944,14,2,74.83,149.66
2720,105,3,2,333.28,666.56
2721,159,1,5,474.01,2370.05
2722,227,17,2,217.55,435.1
2723,815,10,5,117.91,589.55
2724,629,5,5,465.17,2325.85
2725,867,8,5,131.47,657.35
2726,730,25,5,463.92,2319.6
2727,720,3,1,333.28,333.28
2728,428,19,4,207.28,829.12
2729,939,22,1,146.49,146.49
2730,120,3,2,333.28,666.56
2731,946,7,1,450.81,450.81
2732,492,23,3,227.13,681.39
2733,320,24,3,329.55,988.65
2734,143,21,4,229.82,919.28
2735,912,11,5,122.18,610.9
2736,536,24,3,329.55,988.65
2737,177,10,3,117.91,353.73
2738,30,10,1,117.91,117.91
2739,228,5,2,465.17,930.34
2740,878,23,2,227.13,454.26
2741,705,2,2,409.85,819.7
2742,315,14,2,74.83,149.66
2743,215,5,2,465.17,930.34
2744,81,8,4,131.47,525.88
2745,708,14,1,74.83,74.83
2746,80,7,1,450.81,450.81
2747,794,25,4,463.92,1855.68
2748,776,14,4,74.83,299.32
2749,44,21,2,229.82,459.64
2750,111,1,1,474.01,474.01
2751,813,24,5,329.55,1647.75
2752,608,6,1,205.51,205.51
2753,481,2,1,409.85,409.85
2754,931,5,3,465.17,1395.51
2755,45,12,1,44.72,44.72
2756,309,18,1,339.95,339.95
2757,773,8,1,131.47,131.47
2758,802,2,1,409.85,409.85
2759,943,19,5,207.28,1036.4
2760,211,8,5,131.47,657.35
2761,923,21,2,229.82,459.64
2762,190,3,3,333.28,999.84
2763,30,2,1,409.85,409.85
2764,150,12,3,44.72,134.16
2765,972,24,5,329.55,1647.75
2766,357,17,3,217.55,652.65
2767,165,19,5,207.28,1036.4
2768,800,3,5,333.28,1666.4
2769,248,21,5,229.82,1149.1
2770,584,16,1,56.22,56.22
2771,102,22,5,146.49,732.45
2772,782,16,1,56.22,56.22
2773,542,19,2,207.28,414.56
2774,733,14,2,74.83,149.66
2775,988,18,3,339.95,1019.85
2776,176,8,5,131.47,657.35
2777,5,5,1,465.17,465.17
2778,947,3,2,333.28,666.56
2779,943,14,5,74.83,374.15
2780,872,21,4,229.82,919.28
2781,376,24,5,329.55,1647.75
2782,190,23,4,227.13,908.52
2783,690,5,1,465.17,465.17
2784,186,21,3,229.82,689.46
2785,389,19,4,207.28,829.12
2786,220,5,5,465.17,2325.85
2787,234,11,4,122.18,488.72
2788,116,20,3,131.84,395.52
2789,127,1,4,474.01,1896.04
2790,113,9,5,20.31,101.55
2791,140,6,4,205.51,822.04
2792,781,23,3,227.13,681.39
2793,722,8,3,131.47,394.41
2794,571,23,1,227.13,227.13
2795,85,5,3,465.17,1395.51
2796,506,14,1,74.83,74.83
2797,395,21,3,229.82,689.46
2798,468,25,5,463.92,2319.6
2799,754,24,3,329.55,988.65
2800,704,10,4,117.91,471.64
2801,232,7,5,450.81,2254.05
2802,418,20,3,131.84,395.52
2803,876,9,4,20.31,81.24
2804,194,9,1,20.31,20.31
2805,917,19,4,207.28,829.12
2806,962,16,3,56.22,168.66
2807,184,7,1,450.81,450.81
2808,691,1,4,474.01,1896.04
2809,689,19,1,207.28,207.28
2810,406,3,4,333.28,1333.12
2811,536,10,1,117.91,117.91
2812,123,14,2,74.83,149.66
2813,405,7,4,450.81,1803.24
2814,712,17,5,217.55,1087.75
2815,105,15,2,394.46,788.92
2816,67,23,3,227.13,681.39
2817,999,10,2,117.91,235.82
2818,347,14,2,74.83,149.66
2819,610,17,4,217.55,870.2
2820,126,5,2,465.17,930.34
2821,859,16,4,56.22,224.88
2822,743,10,4,117.91,471.64
2823,286,2,5,409.85,2049.25
2824,608,11,3,122.18,366.54
2825,775,14,4,74.83,299.32
2826,365,10,4,117.91,471.64
2827,683,18,5,339.95,1699.75
2828,973,15,4,394.46,1577.84
2829,497,4,5,268.56,1342.8
2830,286,1,2,474.01,948.02
2831,787,10,4,117.91,471.64
2832,111,12,1,44.72,44.72
2833,257,2,4,409.85,1639.4
2834,510,1,2,474.01,948.02
2835,644,21,2,229.82,459.64
2836,31,9,1,20.31,20.31
2837,756,15,1,394.46,394.46
2838,851,2,1,409.85,409.85
2839,511,16,1,56.22,56.22
2840,996,7,2,450.81,901.62
2841,392,24,5,329.55,1647.75
2842,696,23,3,227.13,681.39
2843,157,16,3,56.22,168.66
2844,637,12,5,44.72,223.6
2845,99,16,1,56.22,56.22
2846,677,19,5,207.28,1036.4
2847,786,21,4,229.82,919.28
2848,812,17,4,217.55,870.2
2849,207,16,3,56.22,168.66
2850,678,16,4,56.22,224.88
2851,503,6,5,205.51,1027.55
2852,268,1,5,474.01,2370.05
2853,352,17,5,217.55,1087.75
2854,560,11,1,122.18,122.18
2855,976,10,1,117.91,117.91
2856,441,23,1,227.13,227.13
2857,393,3,4,333.28,1333.12
2858,323,21,4,229.82,919.28
2859,454,24,4,329.55,1318.2
2860,37,15,1,394.46,394.46
2861,182,7,5,450.81,2254.05
2862,676,14,3,74.83,224.49
2863,906,15,2,394.46,788.92
2864,504,1,4,474.01,1896.04
2865,138,7,3,450.81,1352.43
2866,733,21,4,229.82,919.28
2867,500,18,1,339.95,339.95
2868,583,24,4,329.55,1318.2
2869,676,1,5,474.01,2370.05
2870,702,9,5,20.31,101.55
2871,586,8,4,131.47,525.88
2872,488,17,5,217.55,1087.75
2873,875,6,2,205.51,411.02
2874,519,11,1,122.18,122.18
2875,401,21,3,229.82,689.46
2876,507,13,5,337.8,1689.0
2877,995,22,4,146.49,585.96
2878,632,1,3,474.01,1422.03
2879,785,24,3,329.55,988.65
2880,329,16,1,56.22,56.22
2881,29,9,5,20.31,101.55
2882,47,17,2,217.55,435.1
2883,858,3,3,333.28,999.84
2884,358,23,5,227.13,1135.65
2885,28,11,3,122.18,366.54
2886,390,14,1,74.83,74.83
2887,439,11,3,122.18,366.54
2888,366,24,4,329.55,1318.2
2889,360,11,1,122.18,122.18
2890,678,25,2,463.92,927.84
2891,254,8,2,131.47,262.94
2892,664,2,3,409.85,1229.55
2893,607,17,1,217.55,217.55
2894,933,14,1,74.83,74.83
2895,890,12,3,44.72,134.16
2896,118,2,3,409.85,1229.55
2897,174,9,1,20.31,20.31
2898,552,22,3,146.49,439.47
2899,39,10,4,117.91,471.64
2900,674,13,4,337.8,1351.2
2901,582,14,5,74.83,374.15
2902,924,5,4,465.17,1860.68
2903,274,14,1,74.83,74.83
2904,713,24,4,329.55,1318.2
2905,603,4,1,268.56,268.56
2906,325,19,4,207.28,829.12
2907,585,10,4,117.91,471.64
2908,331,21,5,229.82,1149.1
2909,101,18,4,339.95,1359.8
2910,103,25,2,463.92,927.84
2911,345,21,4,229.82,919.28
2912,515,1,3,474.01,1422.03
2913,171,11,5,122.18,610.9
2914,307,2,3,409.85,1229.55
2915,993,9,4,20.31,81.24
2916,207,2,4,409.85,1639.4
2917,651,1,1,474.01,474.01
2918,861,24,5,329.55,1647.75
2919,220,23,3,227.13,681.39
2920,272,7,1,450.81,450.81
2921,305,6,5,205.51,1027.55
2922,412,3,2,333.28,666.56
2923,640,4,1,268.56,268.56
2924,735,6,5,205.51,1027.55
2925,98,21,5,229.82,1149.1
2926,345,23,3,227.13,681.39
2927,69,25,5,463.92,2319.6
2928,821,14,5,74.83,374.15
2929,487,15,4,394.46,1577.84
2930,215,14,3,74.83,224.49
2931,815,20,1,131.84,131.84
2932,668,17,3,217.55,652.65
2933,517,15,3,394.46,1183.38
2934,444,2,5,409.85,2049.25
2935,321,3,2,333.28,666.56
2936,425,10,4,117.91,471.64
2937,258,5,5,465.17,2325.85
2938,528,5,4,465.17,1860.68
2939,688,25,5,463.92,2319.6
2940,185,7,1,450.81,450.81
2941,643,25,5,463.92,2319.6
2942,884,6,2,205.51,411.02
2943,591,9,4,20.31,81.24
2944,219,22,4,146.49,585.96
2945,275,6,5,205.51,1027.55
2946,829,14,5,74.83,374.15
2947,874,23,4,227.13,908.52
2948,958,7,5,450.81,2254.05
2949,745,3,1,333.28,333.28
2950,535,7,2,450.81,901.62
2951,374,25,4,463.92,1855.68
2952,152,18,2,339.95,679.9
2953,155,23,3,227.13,681.39
2954,865,12,4,44.72,178.88
2955,421,20,3,131.84,395.52
2956,881,1,1,474.01,474.01
2957,650,19,2,207.28,414.56
2958,867,25,4,463.92,1855.68
2959,274,8,3,131.47,394.41
2960,662,5,2,465.17,930.34
2961,263,13,5,337.8,1689.0
2962,242,12,4,44.72,178.88
2963,245,20,1,131.84,131.84
2964,154,1,2,474.01,948.02
2965,29,7,2,450.81,901.62
2966,817,22,3,146.49,439.47
2967,476,8,4,131.47,525.88
2968,574,19,4,207.28,829.12
2969,433,15,1,394.46,394.46
2970,207,15,2,394.46,788.92
2971,280,14,2,74.83,149.66
2972,30,15,3,394.46,1183.38
2973,809,25,3,463.92,1391.76
2974,675,6,5,205.51,1027.55
2975,181,22,1,146.49,146.49
2976,987,9,4,20.31,81.24
2977,802,3,1,333.28,333.28
2978,57,4,1,268.56,268.56
2979,322,20,5,131.84,659.2
2980,306,20,1,131.84,131.84
2981,923,14,4,74.83,299.32
2982,919,8,3,131.47,394.41
2983,688,13,1,337.8,337.8
2984,407,14,2,74.83,149.66
2985,242,10,1,117.91,117.91
2986,585,7,5,450.81,2254.05
2987,956,3,1,333.28,333.28
2988,535,19,5,207.28,1036.4
2989,973,17,5,217.55,1087.75
2990,258,17,4,217.55,870.2
2991,906,20,1,131.84,131.84
2992,244,7,5,450.81,2254.05
2993,126,1,3,474.01,1422.03
2994,338,20,5,131.84,659.2
2995,755,21,4,229.82,919.28
2996,826,24,2,329.55,659.1
2997,958,20,4,131.84,527.36
2998,224,7,2,450.81,901.62
2999,110,23,2,227.13,454.26
3000,220,8,3,131.47,394.41
