order_id,customer_id,order_date,total_amount,status,updated_at
1,43,2025-04-29 23:12:41,3702.91,DELIVERED,2025-05-06 23:12:41
2,124,2025-05-19 19:27:48,1752.38,SHIPPED,2025-05-25 19:27:48
3,232,2025-05-04 13:38:06,1421.67,PENDING,2025-05-06 13:38:06
4,98,2024-12-10 00:03:40,3382.37,PENDING,2024-12-16 00:03:40
5,68,2024-12-11 17:06:44,4894.33,DELIVERED,2024-12-15 17:06:44
6,109,2025-01-21 20:33:45,689.46,DELIVERED,2025-01-23 20:33:45
7,49,2025-01-27 10:18:04,1756.99,CANCELLED,2025-01-30 10:18:04
8,248,2025-03-28 21:22:12,3420.8,PENDING,2025-04-06 21:22:12
9,189,2025-05-10 16:22:29,3473.9900000000002,PENDING,2025-05-15 16:22:29
10,15,2025-04-17 06:16:24,2072.9300000000003,PENDING,2025-04-26 06:16:24
11,123,2025-04-19 23:55:24,529.09,SHIPPED,2025-04-19 23:55:24
12,246,2025-01-12 08:39:37,788.92,PENDING,2025-01-14 08:39:37
13,18,2025-05-13 08:27:10,4929.56,PENDING,2025-05-23 08:27:10
14,221,2025-04-27 00:16:34,1334.7,SHIPPED,2025-05-03 00:16:34
15,31,2025-03-15 08:07:54,1992.8600000000001,SHIPPED,2025-03-24 08:07:54
16,153,2025-06-05 18:59:01,465.17,PENDING,2025-06-14 18:59:01
17,21,2025-04-05 18:18:09,3123.37,DELIVERED,2025-04-15 18:18:09
18,150,2025-04-08 08:21:06,2641.1,CANCELLED,2025-04-12 08:21:06
19,53,2025-03-11 20:45:32,681.39,CANCELLED,2025-03-14 20:45:32
20,68,2025-01-07 06:20:03,1394.13,DELIVERED,2025-01-09 06:20:03
21,172,2025-02-15 00:54:12,2053.48,CANCELLED,2025-02-22 00:54:12
22,81,2025-02-11 18:32:17,585.96,PENDING,2025-02-11 18:32:17
23,118,2025-01-11 20:13:47,2868.37,PENDING,2025-01-12 20:13:47
24,138,2025-01-06 01:54:27,1027.55,SHIPPED,2025-01-14 01:54:27
25,68,2025-01-07 06:44:09,2431.7,SHIPPED,2025-01-12 06:44:09
26,226,2025-04-26 11:51:57,4115.75,PENDING,2025-04-29 11:51:57
27,95,2025-01-17 00:25:44,1074.24,CANCELLED,2025-01-19 00:25:44
28,113,2025-03-05 12:26:21,1355.19,CANCELLED,2025-03-14 12:26:21
29,207,2024-12-11 09:37:12,1227.66,PENDING,2024-12-21 09:37:12
30,210,2025-06-02 08:57:44,3665.34,CANCELLED,2025-06-12 08:57:44
31,27,2025-02-05 13:33:32,358.11,SHIPPED,2025-02-09 13:33:32
32,30,2025-06-01 11:49:40,1351.2,PENDING,2025-06-09 11:49:40
33,40,2025-04-24 06:05:14,0.0,CANCELLED,2025-04-28 06:05:14
34,155,2025-05-23 20:50:57,4844.81,SHIPPED,2025-05-28 20:50:57
35,53,2024-12-25 09:07:05,4862.41,CANCELLED,2025-01-02 09:07:05
36,126,2025-04-13 12:51:08,1027.55,CANCELLED,2025-04-13 12:51:08
37,24,2025-02-21 18:36:52,2060.86,DELIVERED,2025-02-25 18:36:52
38,12,2025-05-12 21:49:24,699.8199999999999,PENDING,2025-05-17 21:49:24
39,198,2025-05-07 15:04:47,6043.0,SHIPPED,2025-05-17 15:04:47
40,68,2025-03-03 05:24:38,1639.4,SHIPPED,2025-03-10 05:24:38
41,142,2025-03-05 22:39:17,3052.48,DELIVERED,2025-03-13 22:39:17
42,3,2025-01-06 11:31:08,4263.88,PENDING,2025-01-07 11:31:08
43,242,2025-02-16 17:17:42,229.82,SHIPPED,2025-02-24 17:17:42
44,10,2025-04-09 03:07:00,459.64,CANCELLED,2025-04-18 03:07:00
45,142,2025-04-09 14:49:05,2731.95,SHIPPED,2025-04-15 14:49:05
46,33,2025-04-11 23:44:57,0.0,PENDING,2025-04-15 23:44:57
47,94,2025-02-27 14:13:44,3049.24,PENDING,2025-03-04 14:13:44
48,54,2025-01-02 01:59:23,1848.9699999999998,SHIPPED,2025-01-12 01:59:23
49,27,2025-03-30 17:22:28,178.88,CANCELLED,2025-04-07 17:22:28
50,227,2025-01-09 12:07:15,1032.6399999999999,DELIVERED,2025-01-18 12:07:15
51,192,2025-05-01 09:20:15,952.15,SHIPPED,2025-05-04 09:20:15
52,222,2024-12-31 12:11:37,2994.1,SHIPPED,2025-01-02 12:11:37
53,226,2024-12-09 03:16:06,0.0,DELIVERED,2024-12-09 03:16:06
54,46,2025-06-01 08:33:56,1021.0600000000001,CANCELLED,2025-06-07 08:33:56
55,206,2025-02-08 19:05:44,1168.5,SHIPPED,2025-02-12 19:05:44
56,41,2025-04-25 08:17:33,4970.3099999999995,PENDING,2025-05-01 08:17:33
57,224,2025-03-21 20:41:33,3005.55,PENDING,2025-03-28 20:41:33
58,57,2025-04-07 19:34:27,3792.08,SHIPPED,2025-04-14 19:34:27
59,90,2025-02-07 00:38:03,2488.67,CANCELLED,2025-02-10 00:38:03
60,58,2024-12-16 03:16:25,1603.18,PENDING,2024-12-26 03:16:25
61,50,2025-01-04 08:39:56,394.46,DELIVERED,2025-01-09 08:39:56
62,72,2025-01-25 14:30:34,2795.34,PENDING,2025-01-29 14:30:34
63,90,2024-12-28 15:21:57,870.2,DELIVERED,2025-01-07 15:21:57
64,216,2025-01-11 06:25:13,631.3399999999999,CANCELLED,2025-01-11 06:25:13
65,30,2025-01-20 18:50:09,3765.03,CANCELLED,2025-01-22 18:50:09
66,149,2025-04-03 07:19:09,1875.55,CANCELLED,2025-04-03 07:19:09
67,28,2025-04-01 02:37:06,1776.0700000000002,DELIVERED,2025-04-06 02:37:06
68,187,2025-03-15 21:56:06,2424.15,CANCELLED,2025-03-21 21:56:06
69,156,2024-12-30 13:01:21,2846.96,PENDING,2025-01-05 13:01:21
70,231,2024-12-15 09:55:01,394.46,SHIPPED,2024-12-19 09:55:01
71,12,2025-05-26 01:31:29,2380.14,DELIVERED,2025-05-26 01:31:29
72,134,2025-04-27 15:01:43,1856.67,SHIPPED,2025-05-02 15:01:43
73,111,2025-04-26 22:30:06,4180.28,PENDING,2025-05-06 22:30:06
74,236,2025-01-02 04:31:16,1000.49,CANCELLED,2025-01-11 04:31:16
75,81,2025-03-22 11:21:54,1844.16,PENDING,2025-03-26 11:21:54
76,130,2025-03-29 17:51:05,1722.92,CANCELLED,2025-04-08 17:51:05
77,105,2025-05-31 09:04:59,2599.2200000000003,CANCELLED,2025-06-06 09:04:59
78,179,2025-02-05 21:13:24,1304.96,CANCELLED,2025-02-13 21:13:24
79,33,2025-03-02 20:57:52,168.66,SHIPPED,2025-03-08 20:57:52
80,171,2025-05-21 13:32:33,743.79,DELIVERED,2025-05-31 13:32:33
81,192,2025-04-22 15:23:31,6570.2,SHIPPED,2025-05-01 15:23:31
82,146,2025-05-29 00:25:39,2097.81,CANCELLED,2025-06-04 00:25:39
83,141,2025-05-23 09:58:59,212.70999999999998,PENDING,2025-05-27 09:58:59
84,74,2025-05-16 02:32:33,1223.93,SHIPPED,2025-05-22 02:32:33
85,202,2025-05-21 03:49:02,3918.12,CANCELLED,2025-05-28 03:49:02
86,114,2025-05-23 10:49:47,1788.3000000000002,DELIVERED,2025-06-02 10:49:47
87,55,2025-04-28 21:52:18,2119.36,DELIVERED,2025-04-30 21:52:18
88,169,2025-05-22 00:06:55,2056.25,PENDING,2025-05-26 00:06:55
89,132,2025-03-21 20:19:33,5377.419999999999,CANCELLED,2025-03-22 20:19:33
90,210,2025-01-01 09:43:42,7105.4800000000005,SHIPPED,2025-01-11 09:43:42
91,80,2025-05-24 01:54:56,1135.1200000000001,SHIPPED,2025-05-27 01:54:56
92,38,2025-05-10 17:09:41,264.18,PENDING,2025-05-10 17:09:41
93,63,2025-04-24 07:21:57,4606.85,DELIVERED,2025-05-03 07:21:57
94,218,2024-12-30 20:45:36,721.02,PENDING,2025-01-06 20:45:36
95,107,2025-02-09 07:54:08,3018.6,SHIPPED,2025-02-15 07:54:08
96,127,2025-03-16 06:41:50,5272.57,DELIVERED,2025-03-19 06:41:50
97,38,2025-01-02 23:48:41,0.0,PENDING,2025-01-03 23:48:41
98,200,2025-05-20 23:17:45,4563.049999999999,DELIVERED,2025-05-23 23:17:45
99,46,2025-03-24 01:48:37,491.04999999999995,DELIVERED,2025-03-24 01:48:37
100,143,2025-01-29 22:58:10,4645.48,SHIPPED,2025-01-30 22:58:10
101,117,2025-04-21 12:41:02,3210.84,SHIPPED,2025-04-28 12:41:02
102,171,2025-04-15 16:20:15,1880.3400000000001,CANCELLED,2025-04-22 16:20:15
103,157,2025-01-10 13:35:13,4938.82,DELIVERED,2025-01-18 13:35:13
104,115,2025-02-23 17:19:42,1596.09,SHIPPED,2025-03-02 17:19:42
105,116,2024-12-23 02:01:29,2658.86,CANCELLED,2024-12-26 02:01:29
106,216,2025-01-12 05:19:47,8549.710000000001,CANCELLED,2025-01-20 05:19:47
107,125,2024-12-10 16:44:21,6269.08,SHIPPED,2024-12-14 16:44:21
108,113,2025-01-20 19:52:35,0.0,PENDING,2025-01-24 19:52:35
109,61,2025-06-04 21:53:36,2028.1,CANCELLED,2025-06-09 21:53:36
110,82,2025-04-16 17:41:37,2746.51,PENDING,2025-04-18 17:41:37
111,39,2025-05-05 18:53:17,2374.41,SHIPPED,2025-05-11 18:53:17
112,178,2025-03-23 16:20:42,4993.14,SHIPPED,2025-03-26 16:20:42
113,17,2025-06-04 20:35:37,1284.93,DELIVERED,2025-06-10 20:35:37
114,85,2025-05-07 19:48:36,2185.23,DELIVERED,2025-05-13 19:48:36
115,16,2025-02-13 21:45:03,1183.38,SHIPPED,2025-02-19 21:45:03
116,100,2025-01-01 07:21:39,4616.93,PENDING,2025-01-10 07:21:39
117,98,2025-02-06 17:35:04,4288.9,DELIVERED,2025-02-06 17:35:04
118,242,2025-04-21 09:23:03,3230.7799999999997,CANCELLED,2025-04-25 09:23:03
119,193,2025-03-18 13:53:40,768.59,DELIVERED,2025-03-24 13:53:40
120,138,2024-12-20 09:00:23,1736.1799999999998,SHIPPED,2024-12-27 09:00:23
121,57,2024-12-21 23:34:24,3724.7700000000004,CANCELLED,2024-12-27 23:34:24
122,125,2025-05-20 22:54:55,698.89,PENDING,2025-05-26 22:54:55
123,87,2025-04-15 08:37:22,2426.71,DELIVERED,2025-04-17 08:37:22
124,216,2025-03-16 23:28:45,2032.9299999999998,DELIVERED,2025-03-18 23:28:45
125,160,2025-04-04 23:34:07,1862.74,PENDING,2025-04-10 23:34:07
126,152,2025-01-01 03:28:39,2817.54,PENDING,2025-01-02 03:28:39
127,165,2025-05-18 03:17:48,2423.4,DELIVERED,2025-05-20 03:17:48
128,222,2025-04-28 23:07:25,168.66,DELIVERED,2025-04-30 23:07:25
129,13,2025-01-11 06:45:44,2035.34,CANCELLED,2025-01-17 06:45:44
130,84,2025-03-24 03:01:03,2740.15,SHIPPED,2025-03-31 03:01:03
131,84,2025-03-05 09:09:01,1929.25,CANCELLED,2025-03-11 09:09:01
132,72,2025-01-14 20:32:57,1117.82,DELIVERED,2025-01-18 20:32:57
133,214,2025-03-11 16:13:29,732.45,PENDING,2025-03-18 16:13:29
134,5,2025-05-15 17:19:23,1819.44,PENDING,2025-05-20 17:19:23
135,58,2025-03-28 20:59:19,2802.05,PENDING,2025-04-07 20:59:19
136,11,2025-02-05 23:28:41,4934.38,PENDING,2025-02-08 23:28:41
137,52,2025-01-24 08:58:32,0.0,PENDING,2025-02-02 08:58:32
138,40,2024-12-11 11:31:06,9146.25,SHIPPED,2024-12-13 11:31:06
139,122,2025-03-09 15:40:49,2712.72,PENDING,2025-03-18 15:40:49
140,243,2024-12-12 21:00:28,4030.7200000000003,SHIPPED,2024-12-19 21:00:28
141,180,2024-12-09 02:25:14,3033.3199999999997,CANCELLED,2024-12-14 02:25:14
142,43,2025-03-01 18:14:58,2876.46,PENDING,2025-03-03 18:14:58
143,247,2025-03-30 04:25:40,5072.09,CANCELLED,2025-03-31 04:25:40
144,149,2025-03-19 03:42:00,2629.77,PENDING,2025-03-23 03:42:00
145,148,2025-03-26 12:18:02,2533.6099999999997,DELIVERED,2025-04-01 12:18:02
146,242,2024-12-12 18:29:18,677.86,SHIPPED,2024-12-13 18:29:18
147,152,2024-12-19 03:59:17,1559.71,SHIPPED,2024-12-20 03:59:17
148,179,2025-01-29 01:15:29,2043.32,CANCELLED,2025-02-08 01:15:29
149,154,2024-12-10 03:26:36,3173.52,PENDING,2024-12-19 03:26:36
150,201,2025-06-04 18:02:42,265.63,PENDING,2025-06-09 18:02:42
151,137,2025-01-05 16:03:42,691.05,DELIVERED,2025-01-15 16:03:42
152,95,2024-12-10 06:03:36,3301.66,PENDING,2024-12-18 06:03:36
153,166,2025-03-04 13:51:53,3326.25,CANCELLED,2025-03-04 13:51:53
154,218,2025-05-25 23:47:03,1623.62,DELIVERED,2025-06-01 23:47:03
155,28,2024-12-18 22:03:39,1136.65,DELIVERED,2024-12-23 22:03:39
156,163,2025-05-14 06:39:37,1357.87,DELIVERED,2025-05-16 06:39:37
157,112,2025-04-16 08:37:50,3374.32,SHIPPED,2025-04-24 08:37:50
158,248,2024-12-16 15:40:17,5678.84,CANCELLED,2024-12-25 15:40:17
159,207,2025-03-02 15:58:02,4201.93,DELIVERED,2025-03-09 15:58:02
160,112,2025-04-28 07:23:09,349.86,CANCELLED,2025-05-03 07:23:09
161,219,2025-01-21 15:45:25,474.01,SHIPPED,2025-01-22 15:45:25
162,72,2025-05-31 02:36:17,564.18,DELIVERED,2025-06-03 02:36:17
163,193,2025-02-28 13:26:10,845.22,DELIVERED,2025-03-09 13:26:10
164,157,2025-02-19 07:54:08,1867.15,DELIVERED,2025-02-24 07:54:08
165,8,2025-04-09 18:48:22,5832.93,DELIVERED,2025-04-14 18:48:22
166,47,2025-01-08 03:54:11,3079.37,DELIVERED,2025-01-11 03:54:11
167,91,2025-01-17 03:47:37,6064.66,CANCELLED,2025-01-22 03:47:37
168,72,2025-03-25 03:38:35,3155.67,CANCELLED,2025-04-02 03:38:35
169,3,2025-04-06 07:00:16,1896.04,SHIPPED,2025-04-07 07:00:16
170,62,2025-02-03 01:10:03,1699.75,DELIVERED,2025-02-10 01:10:03
171,143,2025-05-27 00:00:34,3754.8399999999997,SHIPPED,2025-06-03 00:00:34
172,166,2024-12-09 22:24:50,1857.66,DELIVERED,2024-12-16 22:24:50
173,203,2024-12-07 22:19:34,2509.04,PENDING,2024-12-08 22:19:34
174,76,2024-12-10 22:15:43,793.06,SHIPPED,2024-12-16 22:15:43
175,178,2025-03-03 11:25:25,2106.48,SHIPPED,2025-03-07 11:25:25
176,170,2025-05-11 21:17:34,2263.16,CANCELLED,2025-05-18 21:17:34
177,142,2025-06-04 07:15:10,854.4300000000001,CANCELLED,2025-06-10 07:15:10
178,191,2025-01-14 18:42:48,3084.81,CANCELLED,2025-01-19 18:42:48
179,180,2025-03-10 11:19:03,1312.24,DELIVERED,2025-03-14 11:19:03
180,79,2025-02-19 06:43:35,2666.95,CANCELLED,2025-02-22 06:43:35
181,31,2025-05-29 12:13:27,2411.64,SHIPPED,2025-06-03 12:13:27
182,31,2025-01-31 22:36:22,5606.1900000000005,SHIPPED,2025-02-03 22:36:22
183,56,2025-02-27 16:31:25,2061.83,DELIVERED,2025-03-03 16:31:25
184,186,2025-02-11 22:26:23,3795.77,CANCELLED,2025-02-12 22:26:23
185,214,2025-05-06 20:24:02,1126.37,SHIPPED,2025-05-10 20:24:02
186,59,2025-01-06 02:17:51,3371.49,CANCELLED,2025-01-08 02:17:51
187,78,2025-05-30 09:51:45,454.26,PENDING,2025-06-07 09:51:45
188,33,2025-01-12 12:12:54,450.81,CANCELLED,2025-01-12 12:12:54
189,250,2025-04-12 07:35:24,4106.17,PENDING,2025-04-20 07:35:24
190,75,2025-05-28 21:28:03,3318.8700000000003,SHIPPED,2025-06-07 21:28:03
191,223,2025-02-06 13:15:09,414.56,DELIVERED,2025-02-07 13:15:09
192,224,2025-05-20 21:16:58,3427.34,PENDING,2025-05-29 21:16:58
193,73,2025-04-29 07:20:43,1881.88,DELIVERED,2025-05-06 07:20:43
194,113,2025-01-13 18:33:45,1883.81,CANCELLED,2025-01-15 18:33:45
195,248,2025-02-11 13:56:37,3578.76,PENDING,2025-02-15 13:56:37
196,241,2025-01-29 10:07:27,74.83,DELIVERED,2025-01-30 10:07:27
197,211,2025-06-07 11:47:35,1422.03,PENDING,2025-06-13 11:47:35
198,126,2025-04-04 20:58:36,2953.09,PENDING,2025-04-13 20:58:36
199,162,2025-03-25 20:10:28,1011.87,PENDING,2025-03-27 20:10:28
200,39,2025-03-31 14:43:40,0.0,CANCELLED,2025-04-01 14:43:40
201,64,2025-05-13 17:27:51,2375.87,PENDING,2025-05-21 17:27:51
202,196,2025-05-17 13:01:53,548.72,DELIVERED,2025-05-26 13:01:53
203,153,2025-01-15 06:03:13,2733.91,SHIPPED,2025-01-23 06:03:13
204,98,2025-03-13 21:21:26,3533.01,DELIVERED,2025-03-20 21:21:26
205,77,2025-06-07 00:31:48,2796.13,DELIVERED,2025-06-11 00:31:48
206,146,2025-01-21 01:22:16,4087.1000000000004,PENDING,2025-01-30 01:22:16
207,246,2025-04-25 22:30:05,3602.86,PENDING,2025-04-28 22:30:05
208,161,2025-06-06 07:56:52,3289.7000000000003,SHIPPED,2025-06-10 07:56:52
209,170,2025-04-14 03:31:48,1036.4,PENDING,2025-04-16 03:31:48
210,62,2025-04-04 17:54:22,0.0,SHIPPED,2025-04-12 17:54:22
211,20,2025-02-17 05:49:44,6639.26,SHIPPED,2025-02-17 05:49:44
212,105,2025-01-04 22:58:14,1215.02,DELIVERED,2025-01-13 22:58:14
213,121,2025-06-01 03:00:55,0.0,CANCELLED,2025-06-01 03:00:55
214,60,2025-04-04 09:41:05,0.0,CANCELLED,2025-04-08 09:41:05
215,180,2025-05-21 04:59:39,2646.0,DELIVERED,2025-05-22 04:59:39
216,176,2025-05-25 03:31:18,2447.88,SHIPPED,2025-05-29 03:31:18
217,202,2024-12-30 07:51:03,3924.0600000000004,SHIPPED,2025-01-05 07:51:03
218,30,2025-05-11 04:13:46,117.91,SHIPPED,2025-05-21 04:13:46
219,39,2025-04-17 04:45:51,585.96,CANCELLED,2025-04-19 04:45:51
220,19,2025-03-25 21:19:38,6228.03,PENDING,2025-03-27 21:19:38
221,203,2025-01-14 10:43:30,870.2,CANCELLED,2025-01-23 10:43:30
222,192,2025-04-02 00:09:48,2262.08,CANCELLED,2025-04-09 00:09:48
223,32,2025-03-01 20:49:26,0.0,DELIVERED,2025-03-05 20:49:26
224,180,2024-12-07 01:07:39,2818.49,DELIVERED,2024-12-11 01:07:39
225,129,2025-02-23 03:21:31,465.17,DELIVERED,2025-03-02 03:21:31
226,21,2025-01-09 18:26:40,2887.04,PENDING,2025-01-15 18:26:40
227,189,2025-05-11 14:16:03,2805.15,CANCELLED,2025-05-20 14:16:03
228,65,2025-02-11 20:43:43,5805.78,PENDING,2025-02-12 20:43:43
229,59,2024-12-10 10:05:13,3888.01,PENDING,2024-12-20 10:05:13
230,211,2025-04-28 13:46:33,3409.7200000000003,CANCELLED,2025-05-07 13:46:33
231,11,2025-05-17 14:04:01,435.1,SHIPPED,2025-05-24 14:04:01
232,133,2025-05-01 01:44:04,5763.42,DELIVERED,2025-05-05 01:44:04
233,47,2024-12-17 06:57:11,4178.49,DELIVERED,2024-12-27 06:57:11
234,209,2025-02-03 14:06:58,769.82,DELIVERED,2025-02-04 14:06:58
235,121,2025-02-08 22:49:24,1577.84,CANCELLED,2025-02-14 22:49:24
236,86,2025-05-09 23:03:26,435.1,CANCELLED,2025-05-19 23:03:26
237,27,2025-01-14 03:06:36,2359.96,SHIPPED,2025-01-19 03:06:36
238,106,2025-04-23 09:38:37,117.91,DELIVERED,2025-04-27 09:38:37
239,170,2025-01-22 18:10:15,3693.84,DELIVERED,2025-01-30 18:10:15
240,10,2025-01-10 03:07:06,2320.85,DELIVERED,2025-01-11 03:07:06
241,81,2025-03-28 15:17:39,2281.54,CANCELLED,2025-04-02 15:17:39
242,30,2025-03-31 08:44:00,2238.9,DELIVERED,2025-04-08 08:44:00
243,212,2024-12-16 14:36:05,1229.55,PENDING,2024-12-26 14:36:05
244,223,2025-04-23 06:37:08,5369.04,DELIVERED,2025-04-29 06:37:08
245,14,2025-05-19 12:01:47,2784.28,SHIPPED,2025-05-27 12:01:47
246,93,2025-05-01 19:52:02,0.0,DELIVERED,2025-05-11 19:52:02
247,114,2025-02-11 20:11:37,268.56,PENDING,2025-02-14 20:11:37
248,69,2025-03-25 02:36:10,1770.94,SHIPPED,2025-03-29 02:36:10
249,113,2025-04-29 13:49:46,1599.3000000000002,DELIVERED,2025-04-30 13:49:46
250,8,2025-04-14 17:38:37,465.17,SHIPPED,2025-04-16 17:38:37
251,80,2025-04-17 07:45:31,394.46,PENDING,2025-04-25 07:45:31
252,105,2024-12-14 00:03:20,395.52,PENDING,2024-12-17 00:03:20
253,216,2025-04-19 03:07:16,659.1,PENDING,2025-04-26 03:07:16
254,243,2025-05-01 17:48:29,3466.04,PENDING,2025-05-11 17:48:29
255,214,2024-12-08 21:12:29,4528.57,SHIPPED,2024-12-15 21:12:29
256,239,2025-01-09 17:03:35,3592.68,CANCELLED,2025-01-17 17:03:35
257,181,2024-12-26 02:12:40,3287.91,CANCELLED,2025-01-01 02:12:40
258,214,2025-05-25 22:36:58,3458.99,DELIVERED,2025-06-01 22:36:58
259,63,2024-12-21 14:25:35,40.62,DELIVERED,2024-12-29 14:25:35
260,38,2025-05-08 16:51:48,4276.47,DELIVERED,2025-05-11 16:51:48
261,236,2025-02-24 01:23:43,333.28,SHIPPED,2025-02-25 01:23:43
262,71,2024-12-20 02:15:47,1666.4,DELIVERED,2024-12-25 02:15:47
263,240,2025-04-15 16:35:35,2843.63,CANCELLED,2025-04-15 16:35:35
264,73,2025-04-03 23:15:34,788.92,CANCELLED,2025-04-12 23:15:34
265,149,2025-01-15 23:47:51,2500.43,DELIVERED,2025-01-17 23:47:51
266,115,2025-04-13 19:28:50,679.51,DELIVERED,2025-04-18 19:28:50
267,86,2025-01-04 15:14:24,3585.2,DELIVERED,2025-01-11 15:14:24
268,239,2025-04-16 02:30:05,4023.86,CANCELLED,2025-04-19 02:30:05
269,179,2025-02-24 17:25:37,630.78,SHIPPED,2025-03-05 17:25:37
270,99,2025-03-04 11:55:03,2314.94,SHIPPED,2025-03-10 11:55:03
271,12,2025-02-11 19:06:45,2835.89,CANCELLED,2025-02-18 19:06:45
272,181,2025-05-16 03:25:54,1870.01,DELIVERED,2025-05-22 03:25:54
273,170,2025-05-01 11:45:50,2009.49,SHIPPED,2025-05-08 11:45:50
274,247,2025-04-01 16:21:27,2851.39,PENDING,2025-04-03 16:21:27
275,129,2025-01-07 08:20:08,1145.46,CANCELLED,2025-01-08 08:20:08
276,224,2025-02-12 00:02:34,6320.42,DELIVERED,2025-02-13 00:02:34
277,135,2025-04-13 16:38:15,2254.05,DELIVERED,2025-04-13 16:38:15
278,185,2025-05-23 01:29:36,4350.08,SHIPPED,2025-05-29 01:29:36
279,223,2025-01-21 19:29:02,6635.67,SHIPPED,2025-01-22 19:29:02
280,121,2025-04-17 13:27:49,969.36,CANCELLED,2025-04-22 13:27:49
281,160,2025-01-17 14:45:49,1626.97,DELIVERED,2025-01-27 14:45:49
282,21,2025-01-13 00:20:43,1017.85,CANCELLED,2025-01-23 00:20:43
283,220,2025-02-22 04:17:06,1449.08,DELIVERED,2025-02-27 04:17:06
284,161,2025-05-28 15:18:13,3338.43,DELIVERED,2025-06-05 15:18:13
285,10,2025-04-28 05:21:03,1699.75,PENDING,2025-05-01 05:21:03
286,162,2025-04-16 04:46:47,3428.15,CANCELLED,2025-04-19 04:46:47
287,192,2025-02-20 17:31:28,2689.8,PENDING,2025-02-26 17:31:28
288,26,2024-12-30 15:48:52,131.84,PENDING,2025-01-06 15:48:52
289,43,2025-02-23 17:57:19,825.37,CANCELLED,2025-02-23 17:57:19
290,12,2025-05-20 19:58:20,1851.3899999999999,CANCELLED,2025-05-20 19:58:20
291,76,2025-04-19 03:01:47,1208.94,CANCELLED,2025-04-24 03:01:47
292,111,2025-04-17 02:28:00,5371.0599999999995,SHIPPED,2025-04-20 02:28:00
293,136,2025-05-06 13:01:28,911.36,DELIVERED,2025-05-15 13:01:28
294,175,2025-05-04 19:20:54,3205.3599999999997,SHIPPED,2025-05-06 19:20:54
295,45,2025-03-15 13:31:16,0.0,PENDING,2025-03-24 13:31:16
296,223,2025-04-05 22:17:50,767.48,DELIVERED,2025-04-14 22:17:50
297,175,2025-03-05 18:32:32,2440.7400000000002,SHIPPED,2025-03-12 18:32:32
298,234,2025-02-12 13:06:04,0.0,SHIPPED,2025-02-15 13:06:04
299,119,2025-03-22 21:23:48,4505.35,CANCELLED,2025-03-29 21:23:48
300,66,2025-04-05 17:49:42,0.0,PENDING,2025-04-12 17:49:42
301,231,2025-04-26 12:42:40,996.98,CANCELLED,2025-05-06 12:42:40
302,140,2025-02-19 20:47:07,889.59,SHIPPED,2025-02-20 20:47:07
303,114,2025-04-11 21:29:54,3572.71,CANCELLED,2025-04-20 21:29:54
304,77,2024-12-29 16:39:46,1318.2,DELIVERED,2025-01-02 16:39:46
305,117,2025-04-01 02:48:49,1177.21,CANCELLED,2025-04-04 02:48:49
306,99,2025-05-26 10:34:21,2331.81,DELIVERED,2025-05-27 10:34:21
307,61,2024-12-30 07:04:30,5229.55,DELIVERED,2025-01-08 07:04:30
308,92,2025-04-15 00:01:40,573.29,CANCELLED,2025-04-19 00:01:40
309,6,2025-05-23 21:20:43,1414.19,DELIVERED,2025-05-27 21:20:43
310,3,2025-02-13 18:07:47,700.3399999999999,PENDING,2025-02-22 18:07:47
311,191,2025-02-03 03:19:30,2250.21,DELIVERED,2025-02-07 03:19:30
312,199,2025-01-29 20:30:18,2721.99,SHIPPED,2025-02-07 20:30:18
313,206,2025-01-30 01:54:11,1949.35,CANCELLED,2025-02-02 01:54:11
314,163,2025-03-06 22:08:56,414.56,SHIPPED,2025-03-15 22:08:56
315,65,2025-03-20 14:56:08,149.66,SHIPPED,2025-03-30 14:56:08
316,25,2025-01-26 04:59:51,2291.56,PENDING,2025-01-30 04:59:51
317,202,2024-12-14 00:01:46,1776.74,DELIVERED,2024-12-14 00:01:46
318,149,2025-02-12 16:52:56,3342.89,CANCELLED,2025-02-14 16:52:56
319,24,2025-01-24 14:03:11,3771.7400000000002,CANCELLED,2025-01-29 14:03:11
320,192,2025-04-24 22:13:39,3227.81,DELIVERED,2025-04-26 22:13:39
321,52,2025-01-10 17:13:05,2108.54,SHIPPED,2025-01-18 17:13:05
322,225,2025-06-01 07:28:24,2150.69,CANCELLED,2025-06-09 07:28:24
323,129,2025-02-26 19:30:52,3381.62,CANCELLED,2025-02-28 19:30:52
324,66,2025-04-13 03:56:08,0.0,DELIVERED,2025-04-17 03:56:08
325,192,2025-05-13 12:05:06,1052.72,CANCELLED,2025-05-14 12:05:06
326,120,2025-05-17 23:41:49,2313.04,PENDING,2025-05-19 23:41:49
327,194,2025-01-30 18:19:13,3635.11,SHIPPED,2025-02-09 18:19:13
328,186,2025-03-02 00:04:14,959.6400000000001,DELIVERED,2025-03-10 00:04:14
329,94,2025-04-10 04:11:06,4295.42,PENDING,2025-04-16 04:11:06
330,4,2025-02-26 13:53:01,411.02,CANCELLED,2025-03-06 13:53:01
331,32,2024-12-13 10:12:35,3475.1499999999996,DELIVERED,2024-12-18 10:12:35
332,173,2024-12-27 18:50:14,2965.27,CANCELLED,2025-01-05 18:50:14
333,98,2025-02-02 15:35:05,95.14,CANCELLED,2025-02-03 15:35:05
334,173,2025-01-30 19:50:35,5693.66,SHIPPED,2025-02-06 19:50:35
335,7,2024-12-16 12:24:01,1699.75,CANCELLED,2024-12-25 12:24:01
336,57,2025-03-17 02:30:04,3087.91,PENDING,2025-03-27 02:30:04
337,211,2024-12-13 08:41:03,134.16,DELIVERED,2024-12-17 08:41:03
338,167,2025-02-05 01:43:10,3602.63,DELIVERED,2025-02-06 01:43:10
339,36,2024-12-26 21:39:36,2009.0900000000001,PENDING,2024-12-26 21:39:36
340,78,2025-02-02 06:47:45,5254.889999999999,DELIVERED,2025-02-03 06:47:45
341,25,2025-02-18 01:59:00,44.72,SHIPPED,2025-02-26 01:59:00
342,35,2025-04-30 08:41:43,1088.17,DELIVERED,2025-05-07 08:41:43
343,95,2024-12-15 21:24:16,732.45,DELIVERED,2024-12-24 21:24:16
344,191,2025-04-07 19:01:20,1783.97,SHIPPED,2025-04-13 19:01:20
345,168,2025-02-22 20:02:38,1925.21,PENDING,2025-03-01 20:02:38
346,158,2025-03-03 22:24:30,2675.92,DELIVERED,2025-03-07 22:24:30
347,9,2025-03-10 06:57:38,1684.24,CANCELLED,2025-03-13 06:57:38
348,114,2025-04-14 17:42:33,471.64,DELIVERED,2025-04-17 17:42:33
349,219,2025-01-25 11:56:20,2258.08,CANCELLED,2025-01-26 11:56:20
350,176,2025-01-15 02:01:12,2692.92,CANCELLED,2025-01-23 02:01:12
351,231,2025-04-17 16:38:54,1730.12,CANCELLED,2025-04-17 16:38:54
352,102,2024-12-18 16:14:23,5124.87,CANCELLED,2024-12-21 16:14:23
353,248,2025-01-16 18:34:54,3651.0299999999997,PENDING,2025-01-23 18:34:54
354,24,2025-03-10 19:16:00,1074.24,SHIPPED,2025-03-20 19:16:00
355,164,2025-02-18 22:45:44,0.0,PENDING,2025-02-18 22:45:44
356,202,2025-02-02 07:21:03,908.52,CANCELLED,2025-02-05 07:21:03
357,33,2025-05-16 00:09:01,5946.26,SHIPPED,2025-05-17 00:09:01
358,213,2025-06-07 11:16:08,1225.0900000000001,SHIPPED,2025-06-16 11:16:08
359,56,2025-03-01 08:30:02,5545.91,SHIPPED,2025-03-06 08:30:02
360,199,2025-06-05 11:53:42,6137.629999999999,SHIPPED,2025-06-14 11:53:42
361,1,2025-03-12 15:19:48,0.0,CANCELLED,2025-03-14 15:19:48
362,34,2025-04-27 22:02:26,1713.53,CANCELLED,2025-04-29 22:02:26
363,29,2024-12-26 03:07:15,911.4200000000001,PENDING,2024-12-28 03:07:15
364,4,2025-05-29 02:49:02,2298.99,CANCELLED,2025-06-01 02:49:02
365,151,2024-12-15 14:40:22,1189.58,CANCELLED,2024-12-15 14:40:22
366,45,2025-02-16 09:22:28,2277.74,CANCELLED,2025-02-16 09:22:28
367,33,2025-04-19 19:39:54,2501.1000000000004,DELIVERED,2025-04-27 19:39:54
368,30,2024-12-23 03:02:14,1376.79,PENDING,2024-12-30 03:02:14
369,115,2025-02-09 13:03:27,3992.82,CANCELLED,2025-02-17 13:03:27
370,152,2025-02-13 01:37:53,2925.92,PENDING,2025-02-20 01:37:53
371,129,2024-12-29 22:14:33,4272.2,SHIPPED,2025-01-07 22:14:33
372,12,2025-01-12 02:04:27,0.0,CANCELLED,2025-01-19 02:04:27
373,165,2024-12-29 17:43:23,1855.03,PENDING,2024-12-29 17:43:23
374,123,2025-05-04 23:35:04,3495.08,DELIVERED,2025-05-10 23:35:04
375,176,2024-12-08 09:42:41,5982.42,PENDING,2024-12-15 09:42:41
376,183,2025-05-26 18:21:27,4758.8099999999995,DELIVERED,2025-05-27 18:21:27
377,231,2025-05-15 09:15:22,1031.69,PENDING,2025-05-20 09:15:22
378,156,2025-02-05 04:00:34,1666.4,SHIPPED,2025-02-06 04:00:34
379,33,2025-04-06 18:58:26,2393.02,CANCELLED,2025-04-15 18:58:26
380,163,2024-12-31 07:59:07,3166.02,CANCELLED,2025-01-06 07:59:07
381,153,2025-04-30 10:04:28,3360.06,CANCELLED,2025-05-07 10:04:28
382,130,2025-01-01 12:39:45,4099.6900000000005,DELIVERED,2025-01-02 12:39:45
383,204,2024-12-24 10:38:27,1209.74,PENDING,2025-01-03 10:38:27
384,167,2025-06-03 14:51:53,0.0,SHIPPED,2025-06-09 14:51:53
385,116,2025-05-18 20:48:52,1789.02,SHIPPED,2025-05-24 20:48:52
386,87,2025-02-28 10:14:54,3157.16,DELIVERED,2025-03-06 10:14:54
387,107,2025-05-04 07:41:18,0.0,PENDING,2025-05-09 07:41:18
388,110,2024-12-17 01:24:25,2065.7799999999997,CANCELLED,2024-12-27 01:24:25
389,66,2025-02-21 09:03:31,3024.9700000000003,CANCELLED,2025-02-23 09:03:31
390,176,2025-03-18 04:26:43,164.26999999999998,DELIVERED,2025-03-19 04:26:43
391,24,2025-04-26 17:14:52,2611.95,PENDING,2025-04-27 17:14:52
392,111,2025-05-28 20:42:02,5578.51,PENDING,2025-06-02 20:42:02
393,208,2025-03-01 22:06:17,2623.7799999999997,SHIPPED,2025-03-09 22:06:17
394,16,2025-05-16 03:32:28,1195.04,CANCELLED,2025-05-26 03:32:28
395,32,2025-05-13 01:23:04,3538.79,DELIVERED,2025-05-18 01:23:04
396,224,2025-02-23 22:37:20,178.84,DELIVERED,2025-02-23 22:37:20
397,248,2024-12-14 21:30:44,2454.76,CANCELLED,2024-12-23 21:30:44
398,80,2025-01-24 06:08:08,1310.79,CANCELLED,2025-01-25 06:08:08
399,148,2024-12-14 21:09:25,1261.7,SHIPPED,2024-12-16 21:09:25
400,169,2025-04-13 07:32:23,0.0,DELIVERED,2025-04-16 07:32:23
401,217,2025-03-01 03:11:03,6131.79,PENDING,2025-03-06 03:11:03
402,217,2024-12-08 18:46:17,675.6,CANCELLED,2024-12-09 18:46:17
403,196,2025-02-09 08:43:51,1135.65,CANCELLED,2025-02-18 08:43:51
404,58,2025-03-21 07:02:18,3827.2400000000002,DELIVERED,2025-03-29 07:02:18
405,250,2025-02-21 04:25:21,2084.34,PENDING,2025-03-02 04:25:21
406,238,2025-04-19 09:55:37,2417.71,CANCELLED,2025-04-19 09:55:37
407,47,2025-01-21 08:16:11,2805.06,CANCELLED,2025-01-25 08:16:11
408,236,2025-03-28 00:13:19,1716.76,CANCELLED,2025-04-02 00:13:19
409,2,2025-03-06 03:18:23,1972.3,SHIPPED,2025-03-08 03:18:23
410,145,2025-01-08 12:25:30,1149.1,DELIVERED,2025-01-09 12:25:30
411,37,2025-02-28 10:04:55,883.2900000000001,PENDING,2025-03-01 10:04:55
412,192,2025-04-18 22:04:38,666.56,SHIPPED,2025-04-24 22:04:38
413,108,2025-02-08 14:30:35,3471.71,DELIVERED,2025-02-13 14:30:35
414,41,2025-01-17 07:32:08,3952.56,CANCELLED,2025-01-21 07:32:08
415,185,2025-05-22 00:19:45,3658.92,CANCELLED,2025-05-31 00:19:45
416,153,2025-05-15 13:36:55,1460.33,PENDING,2025-05-15 13:36:55
417,40,2025-03-02 02:59:55,1135.65,SHIPPED,2025-03-11 02:59:55
418,13,2025-02-23 06:39:46,694.8399999999999,PENDING,2025-02-27 06:39:46
419,114,2025-05-03 02:53:10,1861.5,DELIVERED,2025-05-10 02:53:10
420,156,2025-02-14 11:56:56,4058.0,DELIVERED,2025-02-20 11:56:56
421,70,2025-01-17 21:28:00,395.52,SHIPPED,2025-01-25 21:28:00
422,30,2025-05-21 00:02:02,2266.6099999999997,CANCELLED,2025-05-27 00:02:02
423,29,2025-01-20 03:10:44,3883.9300000000003,CANCELLED,2025-01-30 03:10:44
424,174,2025-02-21 11:58:21,7130.320000000001,DELIVERED,2025-03-01 11:58:21
425,171,2025-01-17 05:18:35,2735.65,CANCELLED,2025-01-17 05:18:35
426,57,2025-03-27 11:48:59,74.83,DELIVERED,2025-04-05 11:48:59
427,15,2025-01-06 06:49:21,2267.43,PENDING,2025-01-09 06:49:21
428,78,2024-12-20 09:41:18,2000.06,SHIPPED,2024-12-22 09:41:18
429,196,2025-03-07 22:37:28,3434.01,CANCELLED,2025-03-11 22:37:28
430,84,2025-01-12 02:39:05,3945.92,PENDING,2025-01-12 02:39:05
431,128,2024-12-23 21:55:57,1768.96,DELIVERED,2024-12-25 21:55:57
432,34,2024-12-07 12:53:18,1430.8100000000002,DELIVERED,2024-12-15 12:53:18
433,181,2025-01-17 20:15:26,1200.1399999999999,SHIPPED,2025-01-25 20:15:26
434,144,2025-03-07 01:16:40,4726.91,CANCELLED,2025-03-08 01:16:40
435,102,2025-04-07 11:42:40,3117.42,PENDING,2025-04-13 11:42:40
436,5,2025-01-23 18:35:07,0.0,DELIVERED,2025-01-24 18:35:07
437,221,2025-04-08 17:57:50,3089.75,CANCELLED,2025-04-17 17:57:50
438,110,2025-02-16 13:43:33,1763.99,DELIVERED,2025-02-26 13:43:33
439,107,2025-05-05 20:51:24,366.54,CANCELLED,2025-05-06 20:51:24
440,104,2025-03-06 23:53:43,772.9000000000001,PENDING,2025-03-11 23:53:43
441,44,2025-02-18 23:21:55,462.95,DELIVERED,2025-02-23 23:21:55
442,23,2025-06-02 14:43:41,836.44,DELIVERED,2025-06-03 14:43:41
443,63,2025-04-09 01:17:42,616.53,DELIVERED,2025-04-18 01:17:42
444,103,2025-01-24 17:29:45,4400.29,PENDING,2025-01-30 17:29:45
445,223,2025-04-03 19:43:15,2665.63,CANCELLED,2025-04-08 19:43:15
446,57,2025-04-07 10:21:49,3574.11,CANCELLED,2025-04-09 10:21:49
447,20,2024-12-11 10:09:39,0.0,PENDING,2024-12-19 10:09:39
448,131,2025-02-26 14:41:08,224.88,SHIPPED,2025-03-03 14:41:08
449,90,2024-12-31 04:34:39,1074.24,SHIPPED,2025-01-03 04:34:39
450,27,2025-04-10 01:54:56,712.76,SHIPPED,2025-04-14 01:54:56
451,51,2025-06-01 10:38:45,898.91,SHIPPED,2025-06-10 10:38:45
452,40,2025-01-09 06:34:33,830.53,PENDING,2025-01-11 06:34:33
453,244,2025-05-05 20:40:16,1103.46,DELIVERED,2025-05-12 20:40:16
454,194,2025-04-27 17:18:56,2660.63,DELIVERED,2025-05-07 17:18:56
455,237,2025-01-28 20:56:59,2477.65,CANCELLED,2025-02-07 20:56:59
456,81,2025-01-15 10:10:04,178.88,SHIPPED,2025-01-22 10:10:04
457,18,2025-05-19 22:46:59,3520.54,DELIVERED,2025-05-26 22:46:59
458,162,2024-12-25 03:27:09,2492.67,CANCELLED,2024-12-29 03:27:09
459,152,2025-02-02 18:07:05,1833.81,PENDING,2025-02-07 18:07:05
460,130,2025-02-07 02:14:49,0.0,PENDING,2025-02-11 02:14:49
461,119,2025-04-05 15:53:57,3098.58,DELIVERED,2025-04-05 15:53:57
462,15,2025-02-23 01:23:40,1928.3199999999997,CANCELLED,2025-02-27 01:23:40
463,20,2025-01-18 17:58:27,3998.0,PENDING,2025-01-27 17:58:27
464,153,2024-12-11 16:29:14,2643.96,DELIVERED,2024-12-18 16:29:14
465,149,2025-03-17 06:26:43,2623.92,PENDING,2025-03-24 06:26:43
466,233,2025-02-28 09:47:48,4069.76,SHIPPED,2025-03-05 09:47:48
467,155,2025-06-02 20:20:22,1027.55,DELIVERED,2025-06-10 20:20:22
468,39,2025-03-25 23:51:17,4047.21,PENDING,2025-04-01 23:51:17
469,27,2025-03-19 22:01:53,1894.51,CANCELLED,2025-03-20 22:01:53
470,130,2025-01-08 20:49:08,2583.31,SHIPPED,2025-01-08 20:49:08
471,64,2025-02-15 08:31:35,574.4,DELIVERED,2025-02-22 08:31:35
472,135,2024-12-22 23:24:26,652.65,SHIPPED,2024-12-27 23:24:26
473,96,2025-04-05 23:08:10,1204.25,CANCELLED,2025-04-11 23:08:10
474,105,2024-12-21 01:41:28,2114.23,CANCELLED,2024-12-31 01:41:28
475,154,2025-05-12 18:23:38,1721.78,PENDING,2025-05-22 18:23:38
476,166,2025-01-27 01:42:57,2014.1,CANCELLED,2025-01-28 01:42:57
477,85,2025-05-22 10:16:58,3199.63,PENDING,2025-05-30 10:16:58
478,174,2025-01-02 18:29:30,414.56,DELIVERED,2025-01-06 18:29:30
479,65,2025-05-28 04:00:34,703.9200000000001,SHIPPED,2025-06-02 04:00:34
480,21,2025-05-03 10:12:02,131.47,SHIPPED,2025-05-08 10:12:02
481,80,2025-03-07 15:56:09,4839.43,DELIVERED,2025-03-09 15:56:09
482,153,2025-02-04 16:21:46,1586.14,PENDING,2025-02-08 16:21:46
483,144,2025-02-22 01:36:49,3791.63,DELIVERED,2025-03-04 01:36:49
484,203,2025-02-25 17:36:06,1670.38,CANCELLED,2025-02-27 17:36:06
485,172,2025-04-10 22:36:53,2087.54,PENDING,2025-04-20 22:36:53
486,172,2024-12-20 05:41:59,1854.66,DELIVERED,2024-12-28 05:41:59
487,93,2025-05-11 17:08:45,2638.8599999999997,PENDING,2025-05-16 17:08:45
488,80,2025-03-26 17:56:11,5109.75,SHIPPED,2025-03-29 17:56:11
489,88,2025-02-25 09:54:32,158.53,DELIVERED,2025-02-28 09:54:32
490,58,2025-03-24 03:25:24,1711.6,SHIPPED,2025-03-26 03:25:24
491,20,2025-03-30 23:57:38,797.49,CANCELLED,2025-03-31 23:57:38
492,130,2024-12-25 12:30:56,2840.7799999999997,PENDING,2025-01-04 12:30:56
493,87,2024-12-27 07:55:25,732.45,SHIPPED,2025-01-05 07:55:25
494,97,2025-04-24 04:34:55,4529.2,SHIPPED,2025-04-26 04:34:55
495,47,2025-04-13 00:02:06,3668.93,SHIPPED,2025-04-20 00:02:06
496,12,2025-05-17 01:30:21,0.0,DELIVERED,2025-05-22 01:30:21
497,174,2024-12-24 08:50:07,7824.6900000000005,SHIPPED,2024-12-31 08:50:07
498,157,2025-04-11 18:38:47,2699.31,CANCELLED,2025-04-18 18:38:47
499,60,2025-06-03 14:20:09,1117.47,SHIPPED,2025-06-07 14:20:09
500,248,2024-12-26 20:36:24,1224.19,DELIVERED,2024-12-29 20:36:24
501,95,2025-04-09 14:35:56,2250.05,DELIVERED,2025-04-16 14:35:56
502,197,2025-01-23 01:19:09,2393.63,CANCELLED,2025-01-29 01:19:09
503,129,2025-03-31 23:17:46,4078.21,DELIVERED,2025-04-02 23:17:46
504,210,2025-05-21 02:35:57,4392.54,SHIPPED,2025-05-30 02:35:57
505,36,2025-03-20 09:46:35,1971.39,CANCELLED,2025-03-20 09:46:35
506,165,2024-12-23 04:07:50,611.95,DELIVERED,2024-12-28 04:07:50
507,142,2025-03-29 14:26:12,4206.88,PENDING,2025-04-06 14:26:12
508,218,2025-03-16 21:26:59,0.0,PENDING,2025-03-20 21:26:59
509,22,2025-02-28 01:51:21,4818.55,SHIPPED,2025-03-04 01:51:21
510,116,2024-12-12 02:50:55,2884.76,SHIPPED,2024-12-18 02:50:55
511,24,2025-01-17 08:57:53,2483.66,SHIPPED,2025-01-24 08:57:53
512,227,2025-01-16 00:07:06,3329.9300000000003,CANCELLED,2025-01-16 00:07:06
513,107,2025-01-01 22:07:12,620.5600000000001,PENDING,2025-01-07 22:07:12
514,129,2025-05-31 00:44:49,659.2,CANCELLED,2025-06-03 00:44:49
515,99,2025-04-20 21:16:06,3192.9700000000003,PENDING,2025-04-25 21:16:06
516,58,2025-03-29 10:08:08,2668.25,PENDING,2025-04-03 10:08:08
517,239,2025-01-25 21:08:14,2635.7400000000002,PENDING,2025-02-04 21:08:14
518,86,2025-03-27 22:21:43,2320.7799999999997,SHIPPED,2025-03-29 22:21:43
519,10,2025-04-05 12:38:26,3144.88,CANCELLED,2025-04-12 12:38:26
520,179,2025-04-21 02:01:15,629.48,SHIPPED,2025-04-28 02:01:15
521,115,2025-01-08 14:42:16,2334.69,PENDING,2025-01-09 14:42:16
522,5,2025-02-01 05:51:44,0.0,CANCELLED,2025-02-04 05:51:44
523,214,2025-02-24 16:51:40,2453.8500000000004,SHIPPED,2025-03-04 16:51:40
524,241,2025-05-01 20:40:49,2678.59,DELIVERED,2025-05-02 20:40:49
525,199,2024-12-11 18:46:23,299.32,CANCELLED,2024-12-14 18:46:23
526,78,2025-02-05 12:39:51,44.72,PENDING,2025-02-05 12:39:51
527,62,2025-03-26 23:09:47,2953.2700000000004,DELIVERED,2025-04-05 23:09:47
528,204,2024-12-21 23:13:47,4002.46,DELIVERED,2024-12-22 23:13:47
529,29,2025-04-07 17:12:49,2857.6800000000003,DELIVERED,2025-04-16 17:12:49
530,138,2025-04-19 09:49:50,4784.3099999999995,PENDING,2025-04-29 09:49:50
531,132,2025-05-09 01:25:26,229.59,SHIPPED,2025-05-11 01:25:26
532,75,2025-05-25 23:02:25,3058.3,DELIVERED,2025-05-25 23:02:25
533,158,2024-12-20 22:00:29,475.65000000000003,CANCELLED,2024-12-23 22:00:29
534,147,2025-01-25 07:30:44,3445.02,DELIVERED,2025-01-27 07:30:44
535,171,2025-05-19 14:19:41,2409.66,PENDING,2025-05-27 14:19:41
536,250,2025-03-21 21:26:26,6059.67,CANCELLED,2025-03-22 21:26:26
537,245,2025-04-25 23:12:03,724.01,PENDING,2025-05-01 23:12:03
538,224,2025-04-10 20:56:32,474.01,DELIVERED,2025-04-10 20:56:32
539,163,2025-03-28 02:48:31,2024.96,DELIVERED,2025-04-02 02:48:31
540,65,2024-12-14 14:18:18,409.85,PENDING,2024-12-19 14:18:18
541,202,2025-05-26 06:51:04,0.0,PENDING,2025-05-31 06:51:04
542,62,2025-01-29 13:13:05,414.56,PENDING,2025-02-07 13:13:05
543,189,2025-06-03 00:33:58,1210.97,CANCELLED,2025-06-05 00:33:58
544,12,2025-02-17 20:38:28,2926.99,CANCELLED,2025-02-25 20:38:28
545,87,2025-03-14 21:01:01,567.88,SHIPPED,2025-03-24 21:01:01
546,119,2025-01-05 13:00:41,2455.89,DELIVERED,2025-01-15 13:00:41
547,47,2025-03-29 13:02:07,3053.79,SHIPPED,2025-03-30 13:02:07
548,184,2025-01-22 12:36:01,556.34,DELIVERED,2025-01-22 12:36:01
549,76,2025-02-09 12:25:43,1395.51,SHIPPED,2025-02-09 12:25:43
550,203,2024-12-17 23:43:53,439.47,SHIPPED,2024-12-17 23:43:53
551,81,2025-04-08 15:53:28,101.55,CANCELLED,2025-04-16 15:53:28
552,102,2025-03-29 22:28:06,439.47,DELIVERED,2025-04-02 22:28:06
553,10,2025-03-03 14:09:15,824.4100000000001,SHIPPED,2025-03-07 14:09:15
554,92,2025-04-28 03:06:39,3474.7200000000003,PENDING,2025-05-08 03:06:39
555,85,2025-04-25 06:22:28,1816.44,CANCELLED,2025-04-26 06:22:28
556,205,2025-01-08 19:43:40,4733.030000000001,CANCELLED,2025-01-14 19:43:40
557,228,2025-05-29 11:59:42,4682.55,DELIVERED,2025-06-05 11:59:42
558,230,2025-03-23 14:02:21,235.82,DELIVERED,2025-03-28 14:02:21
559,250,2025-02-24 19:12:32,930.34,SHIPPED,2025-03-03 19:12:32
560,178,2025-04-03 04:59:26,2812.5199999999995,DELIVERED,2025-04-08 04:59:26
561,237,2025-05-09 06:18:15,2217.05,CANCELLED,2025-05-10 06:18:15
562,187,2025-02-22 23:44:43,3551.19,DELIVERED,2025-02-23 23:44:43
563,111,2025-05-25 05:34:59,3290.29,SHIPPED,2025-06-02 05:34:59
564,76,2025-03-02 09:21:23,1286.19,CANCELLED,2025-03-03 09:21:23
565,21,2025-05-26 13:50:27,1019.85,CANCELLED,2025-06-05 13:50:27
566,76,2025-01-30 13:43:09,366.54,CANCELLED,2025-02-06 13:43:09
567,155,2025-02-23 22:21:07,3877.81,DELIVERED,2025-02-25 22:21:07
568,177,2025-06-06 19:30:00,0.0,DELIVERED,2025-06-11 19:30:00
569,115,2024-12-22 12:48:12,3849.68,PENDING,2024-12-27 12:48:12
570,158,2024-12-13 17:30:17,2098.39,DELIVERED,2024-12-17 17:30:17
571,164,2025-01-31 04:23:34,3248.98,PENDING,2025-02-01 04:23:34
572,172,2025-05-30 13:40:30,4045.97,DELIVERED,2025-06-04 13:40:30
573,132,2025-02-17 17:40:32,2320.79,SHIPPED,2025-02-17 17:40:32
574,37,2025-05-10 15:05:55,1978.2199999999998,DELIVERED,2025-05-10 15:05:55
575,33,2025-02-27 14:26:41,3089.61,PENDING,2025-03-02 14:26:41
576,200,2025-04-25 23:46:26,4281.87,CANCELLED,2025-04-30 23:46:26
577,99,2025-06-05 11:39:31,3619.0,PENDING,2025-06-14 11:39:31
578,40,2025-05-12 02:54:22,1288.19,DELIVERED,2025-05-17 02:54:22
579,96,2025-02-26 16:00:36,435.1,DELIVERED,2025-02-27 16:00:36
580,147,2025-05-03 15:13:26,3646.63,SHIPPED,2025-05-11 15:13:26
581,94,2025-03-27 14:44:54,2394.68,DELIVERED,2025-04-01 14:44:54
582,167,2025-01-12 23:31:19,2278.71,CANCELLED,2025-01-15 23:31:19
583,246,2024-12-13 01:19:09,1318.2,PENDING,2024-12-13 01:19:09
584,189,2025-04-27 04:37:50,2355.18,SHIPPED,2025-05-04 04:37:50
585,133,2025-05-13 04:08:00,5455.73,DELIVERED,2025-05-21 04:08:00
586,31,2025-04-08 02:37:26,5727.01,CANCELLED,2025-04-12 02:37:26
587,181,2025-02-01 19:00:20,4900.25,DELIVERED,2025-02-04 19:00:20
588,157,2024-12-14 16:56:56,3445.4700000000003,CANCELLED,2024-12-21 16:56:56
589,52,2025-03-20 05:21:32,1732.9599999999998,PENDING,2025-03-22 05:21:32
590,219,2025-01-30 09:15:01,3631.3300000000004,PENDING,2025-02-06 09:15:01
591,45,2025-02-05 21:51:21,792.5200000000001,DELIVERED,2025-02-06 21:51:21
592,208,2025-02-18 07:52:10,4729.85,CANCELLED,2025-02-28 07:52:10
593,89,2025-04-21 14:03:51,1984.44,PENDING,2025-04-29 14:03:51
594,139,2025-05-21 23:58:23,1395.51,CANCELLED,2025-05-25 23:58:23
595,218,2025-02-04 14:54:39,4103.87,SHIPPED,2025-02-14 14:54:39
596,45,2025-02-07 21:15:28,2910.96,CANCELLED,2025-02-15 21:15:28
597,58,2025-04-08 07:31:11,3854.8700000000003,PENDING,2025-04-11 07:31:11
598,203,2025-05-19 16:36:13,2185.5,SHIPPED,2025-05-22 16:36:13
599,203,2025-03-03 00:44:54,74.83,DELIVERED,2025-03-03 00:44:54
600,93,2025-05-01 00:51:52,1700.3300000000002,CANCELLED,2025-05-08 00:51:52
601,206,2025-03-20 21:36:40,2820.86,SHIPPED,2025-03-29 21:36:40
602,227,2025-01-03 22:14:02,1036.4,PENDING,2025-01-04 22:14:02
603,80,2024-12-18 10:52:54,795.9200000000001,DELIVERED,2024-12-25 10:52:54
604,135,2025-02-04 15:53:19,712.32,DELIVERED,2025-02-10 15:53:19
605,211,2025-03-19 05:14:52,1387.48,PENDING,2025-03-21 05:14:52
606,249,2025-04-29 08:21:52,919.28,CANCELLED,2025-05-09 08:21:52
607,19,2024-12-15 06:09:21,502.08000000000004,DELIVERED,2024-12-22 06:09:21
608,175,2025-02-28 15:47:13,834.99,CANCELLED,2025-03-02 15:47:13
609,225,2025-03-21 00:47:17,2442.11,SHIPPED,2025-03-23 00:47:17
610,111,2024-12-10 20:39:10,3380.83,PENDING,2024-12-11 20:39:10
611,133,2025-05-27 17:35:46,2827.17,SHIPPED,2025-05-31 17:35:46
612,43,2025-01-28 07:02:28,3055.19,SHIPPED,2025-02-02 07:02:28
613,240,2025-06-04 18:22:18,122.18,SHIPPED,2025-06-09 18:22:18
614,243,2025-05-10 17:12:54,3406.45,CANCELLED,2025-05-11 17:12:54
615,65,2024-12-27 13:31:10,308.37,SHIPPED,2025-01-06 13:31:10
616,245,2025-05-03 09:25:27,725.61,CANCELLED,2025-05-05 09:25:27
617,161,2024-12-26 22:05:35,1646.12,CANCELLED,2025-01-04 22:05:35
618,137,2025-05-14 04:06:55,659.2,PENDING,2025-05-22 04:06:55
619,165,2025-02-06 18:25:18,1053.1399999999999,SHIPPED,2025-02-15 18:25:18
620,242,2025-03-24 10:23:34,384.39,SHIPPED,2025-03-26 10:23:34
621,169,2025-06-05 11:51:21,3046.71,CANCELLED,2025-06-14 11:51:21
622,11,2025-01-09 12:44:21,3711.33,PENDING,2025-01-10 12:44:21
623,12,2025-03-17 19:45:07,3104.44,CANCELLED,2025-03-27 19:45:07
624,54,2025-01-10 05:33:15,1857.54,DELIVERED,2025-01-19 05:33:15
625,164,2025-04-10 04:48:47,2331.14,PENDING,2025-04-17 04:48:47
626,228,2024-12-27 04:53:41,2916.18,CANCELLED,2025-01-06 04:53:41
627,245,2024-12-17 20:15:13,2822.33,CANCELLED,2024-12-24 20:15:13
628,63,2025-05-09 23:25:44,1391.76,DELIVERED,2025-05-13 23:25:44
629,117,2025-05-22 11:44:34,5367.58,PENDING,2025-05-22 11:44:34
630,41,2025-01-07 08:55:28,1688.37,DELIVERED,2025-01-13 08:55:28
631,124,2025-04-02 20:14:10,3277.39,DELIVERED,2025-04-05 20:14:10
632,88,2025-03-05 19:41:53,3748.13,SHIPPED,2025-03-10 19:41:53
633,221,2025-06-06 03:05:04,1922.68,CANCELLED,2025-06-11 03:05:04
634,250,2025-05-03 06:07:11,762.01,DELIVERED,2025-05-05 06:07:11
635,195,2025-04-13 14:29:46,2898.68,CANCELLED,2025-04-21 14:29:46
636,144,2025-05-24 04:41:47,1025.64,PENDING,2025-05-29 04:41:47
637,62,2025-03-28 22:33:15,223.6,DELIVERED,2025-03-29 22:33:15
638,69,2025-06-04 13:37:43,411.02,DELIVERED,2025-06-07 13:37:43
639,37,2025-04-17 06:38:05,2748.18,PENDING,2025-04-17 06:38:05
640,75,2025-03-22 19:07:52,958.02,DELIVERED,2025-03-31 19:07:52
641,108,2025-04-28 14:50:14,1894.96,SHIPPED,2025-04-30 14:50:14
642,209,2025-06-03 05:36:54,3862.7000000000003,CANCELLED,2025-06-12 05:36:54
643,185,2025-01-06 17:48:05,5128.65,CANCELLED,2025-01-09 17:48:05
644,196,2025-05-19 04:27:00,4605.27,SHIPPED,2025-05-26 04:27:00
645,132,2024-12-09 08:51:46,4643.25,DELIVERED,2024-12-16 08:51:46
646,226,2025-02-03 09:18:44,168.66,CANCELLED,2025-02-10 09:18:44
647,6,2025-02-15 01:03:53,1897.52,PENDING,2025-02-21 01:03:53
648,130,2024-12-26 14:15:11,1563.48,DELIVERED,2024-12-29 14:15:11
649,56,2025-04-01 20:11:32,999.84,CANCELLED,2025-04-01 20:11:32
650,13,2025-04-12 06:33:19,2006.7,CANCELLED,2025-04-19 06:33:19
651,153,2025-02-28 16:07:20,1149.31,DELIVERED,2025-03-04 16:07:20
652,138,2025-05-14 13:45:09,1656.1599999999999,PENDING,2025-05-15 13:45:09
653,111,2025-05-26 12:16:12,3314.87,SHIPPED,2025-05-30 12:16:12
654,187,2025-02-15 18:43:25,4457.62,CANCELLED,2025-02-21 18:43:25
655,94,2025-06-04 18:27:08,2343.4900000000002,PENDING,2025-06-10 18:27:08
656,14,2025-02-05 06:35:47,4013.3199999999997,SHIPPED,2025-02-10 06:35:47
657,142,2025-03-29 18:23:16,1492.4500000000003,CANCELLED,2025-03-30 18:23:16
658,99,2025-01-30 07:37:24,1803.24,DELIVERED,2025-02-07 07:37:24
659,72,2024-12-17 21:40:21,3000.1800000000003,PENDING,2024-12-19 21:40:21
660,250,2025-01-26 00:24:14,901.62,PENDING,2025-02-01 00:24:14
661,96,2024-12-27 00:59:31,1820.49,CANCELLED,2025-01-04 00:59:31
662,241,2025-03-10 13:45:12,1581.8600000000001,CANCELLED,2025-03-12 13:45:12
663,51,2025-02-08 00:58:08,2883.6000000000004,DELIVERED,2025-02-16 00:58:08
664,11,2024-12-27 01:10:00,1638.98,PENDING,2024-12-27 01:10:00
665,36,2025-05-15 17:01:11,1462.6499999999999,CANCELLED,2025-05-22 17:01:11
666,133,2025-04-08 15:16:20,131.47,DELIVERED,2025-04-10 15:16:20
667,156,2025-02-14 16:07:44,930.34,SHIPPED,2025-02-19 16:07:44
668,239,2025-04-09 06:08:51,652.65,CANCELLED,2025-04-11 06:08:51
669,101,2025-03-05 05:07:23,1669.02,CANCELLED,2025-03-14 05:07:23
670,87,2025-06-02 22:38:29,360.26,DELIVERED,2025-06-11 22:38:29
671,77,2025-05-14 22:36:51,4495.01,DELIVERED,2025-05-14 22:36:51
672,95,2025-05-17 15:38:53,4402.530000000001,CANCELLED,2025-05-27 15:38:53
673,29,2024-12-10 12:43:07,3655.52,DELIVERED,2024-12-19 12:43:07
674,79,2025-04-07 19:41:45,2482.13,PENDING,2025-04-16 19:41:45
675,122,2025-02-28 20:43:37,5200.84,CANCELLED,2025-03-10 20:43:37
676,201,2025-04-03 23:08:14,3936.9400000000005,SHIPPED,2025-04-03 23:08:14
677,150,2025-05-12 09:26:07,4188.63,DELIVERED,2025-05-14 09:26:07
678,135,2025-06-07 01:53:36,2106.96,DELIVERED,2025-06-09 01:53:36
679,211,2024-12-13 16:34:52,2765.3199999999997,SHIPPED,2024-12-13 16:34:52
680,147,2025-05-07 10:19:09,3871.64,PENDING,2025-05-10 10:19:09
681,5,2025-01-05 00:43:15,1318.2,DELIVERED,2025-01-10 00:43:15
682,108,2025-05-28 02:21:36,1649.3899999999999,SHIPPED,2025-06-03 02:21:36
683,177,2025-04-04 06:07:56,3303.19,SHIPPED,2025-04-10 06:07:56
684,129,2025-02-23 06:31:16,1027.55,DELIVERED,2025-02-23 06:31:16
685,181,2025-05-15 08:27:02,435.1,SHIPPED,2025-05-23 08:27:02
686,54,2025-05-10 03:04:41,1585.8000000000002,CANCELLED,2025-05-20 03:04:41
687,123,2025-02-01 23:03:13,146.49,DELIVERED,2025-02-06 23:03:13
688,245,2025-01-05 02:52:26,6210.58,SHIPPED,2025-01-12 02:52:26
689,234,2025-01-04 21:36:43,207.28,CANCELLED,2025-01-12 21:36:43
690,91,2025-01-21 17:45:12,5413.2,CANCELLED,2025-01-30 17:45:12
691,124,2025-02-27 13:40:41,4833.9,SHIPPED,2025-03-02 13:40:41
692,72,2024-12-26 15:36:00,0.0,CANCELLED,2024-12-29 15:36:00
693,242,2025-06-05 12:51:05,2352.2400000000002,CANCELLED,2025-06-09 12:51:05
694,181,2025-04-15 07:03:41,2500.04,SHIPPED,2025-04-22 07:03:41
695,82,2025-04-02 00:19:59,2262.08,DELIVERED,2025-04-07 00:19:59
696,144,2025-05-08 13:39:43,681.39,CANCELLED,2025-05-12 13:39:43
697,32,2025-05-27 08:47:40,81.24,DELIVERED,2025-06-02 08:47:40
698,210,2025-04-28 10:34:22,5522.39,CANCELLED,2025-04-30 10:34:22
699,75,2025-03-16 17:19:08,681.39,PENDING,2025-03-20 17:19:08
700,245,2025-02-09 21:49:46,2245.5,PENDING,2025-02-14 21:49:46
701,237,2024-12-13 09:34:40,4387.370000000001,DELIVERED,2024-12-23 09:34:40
702,66,2025-02-02 14:43:39,971.75,DELIVERED,2025-02-05 14:43:39
703,52,2025-01-13 01:41:10,1843.41,CANCELLED,2025-01-21 01:41:10
704,179,2025-01-23 06:44:22,3258.74,CANCELLED,2025-01-25 06:44:22
705,28,2025-04-28 00:48:22,5632.45,SHIPPED,2025-05-01 00:48:22
706,13,2025-06-04 08:54:04,1074.24,SHIPPED,2025-06-14 08:54:04
707,60,2025-03-08 00:10:23,2094.71,PENDING,2025-03-09 00:10:23
708,106,2025-02-27 13:25:05,2206.23,CANCELLED,2025-03-06 13:25:05
709,26,2025-05-04 14:08:29,3624.1,SHIPPED,2025-05-04 14:08:29
710,247,2025-04-06 16:11:24,1039.59,SHIPPED,2025-04-12 16:11:24
711,168,2024-12-30 19:13:19,3568.12,DELIVERED,2025-01-06 19:13:19
712,167,2025-03-03 19:06:17,2178.99,SHIPPED,2025-03-07 19:06:17
713,83,2025-02-24 10:54:30,2287.34,CANCELLED,2025-03-06 10:54:30
714,16,2024-12-22 11:17:56,1283.6200000000001,PENDING,2025-01-01 11:17:56
715,147,2024-12-29 15:28:06,2351.12,SHIPPED,2025-01-06 15:28:06
716,190,2025-04-21 16:14:33,1587.04,PENDING,2025-04-23 16:14:33
717,107,2025-01-12 06:08:01,529.68,SHIPPED,2025-01-12 06:08:01
718,215,2025-02-21 15:08:46,1422.03,DELIVERED,2025-02-28 15:08:46
719,48,2025-03-16 03:46:07,2786.66,CANCELLED,2025-03-16 03:46:07
720,3,2025-03-31 11:44:50,1539.71,CANCELLED,2025-04-09 11:44:50
721,155,2025-05-18 17:19:11,1693.58,PENDING,2025-05-23 17:19:11
722,73,2024-12-31 01:32:22,3313.76,DELIVERED,2025-01-10 01:32:22
723,140,2025-01-27 13:01:18,1395.51,DELIVERED,2025-01-29 13:01:18
724,218,2025-01-19 14:23:08,1929.1,DELIVERED,2025-01-23 14:23:08
725,50,2025-03-22 02:40:14,2271.7,PENDING,2025-03-27 02:40:14
726,42,2025-03-05 03:32:08,339.95,DELIVERED,2025-03-15 03:32:08
727,66,2025-04-30 18:19:11,2236.94,SHIPPED,2025-04-30 18:19:11
728,189,2025-01-16 23:03:30,3670.78,CANCELLED,2025-01-20 23:03:30
729,146,2025-02-23 01:57:21,5384.79,SHIPPED,2025-02-25 01:57:21
730,157,2025-03-27 08:26:12,7126.92,DELIVERED,2025-04-02 08:26:12
731,132,2025-02-07 20:36:18,2915.3999999999996,CANCELLED,2025-02-08 20:36:18
732,103,2025-04-17 19:33:55,0.0,PENDING,2025-04-19 19:33:55
733,36,2025-05-08 09:00:43,2305.6800000000003,DELIVERED,2025-05-13 09:00:43
734,240,2025-04-18 09:07:26,4402.0,SHIPPED,2025-04-18 09:07:26
735,67,2024-12-26 08:02:56,3176.0699999999997,DELIVERED,2024-12-29 08:02:56
736,115,2024-12-21 07:44:32,708.03,CANCELLED,2024-12-26 07:44:32
737,78,2025-03-01 15:33:30,0.0,PENDING,2025-03-05 15:33:30
738,168,2025-04-05 11:57:38,2502.5499999999997,CANCELLED,2025-04-08 11:57:38
739,16,2025-03-20 10:11:08,4599.57,PENDING,2025-03-27 10:11:08
740,79,2025-01-13 11:53:31,609.97,SHIPPED,2025-01-19 11:53:31
741,176,2025-03-23 01:46:26,1229.55,CANCELLED,2025-03-24 01:46:26
742,164,2025-01-08 17:36:16,3102.05,CANCELLED,2025-01-13 17:36:16
743,158,2025-03-23 08:54:35,2803.44,SHIPPED,2025-03-26 08:54:35
744,246,2025-02-10 21:34:14,2017.5,SHIPPED,2025-02-17 21:34:14
745,40,2025-02-26 21:24:06,2854.33,DELIVERED,2025-03-07 21:24:06
746,96,2025-03-26 22:43:59,81.24,DELIVERED,2025-04-03 22:43:59
747,234,2025-01-12 09:32:20,3517.15,DELIVERED,2025-01-20 09:32:20
748,206,2025-03-06 08:43:37,2414.12,SHIPPED,2025-03-09 08:43:37
749,175,2025-05-29 14:51:37,1803.24,PENDING,2025-06-06 14:51:37
750,115,2025-03-03 12:12:59,3999.7599999999998,CANCELLED,2025-03-04 12:12:59
751,235,2025-02-10 12:15:43,6549.54,PENDING,2025-02-10 12:15:43
752,213,2025-02-20 12:59:46,1909.08,SHIPPED,2025-03-01 12:59:46
753,138,2025-03-20 15:37:34,1177.46,SHIPPED,2025-03-22 15:37:34
754,84,2025-05-19 23:17:31,2335.2,DELIVERED,2025-05-20 23:17:31
755,175,2025-05-08 13:39:53,1149.1,SHIPPED,2025-05-17 13:39:53
756,126,2024-12-08 15:07:54,3231.15,PENDING,2024-12-16 15:07:54
757,115,2025-04-08 16:00:50,659.1,PENDING,2025-04-15 16:00:50
758,34,2025-03-10 10:32:35,2281.25,DELIVERED,2025-03-17 10:32:35
759,145,2025-01-10 17:13:25,493.44,PENDING,2025-01-18 17:13:25
760,119,2024-12-29 03:00:29,471.64,CANCELLED,2024-12-29 03:00:29
761,102,2025-03-30 12:40:39,1149.1,CANCELLED,2025-03-30 12:40:39
762,191,2025-05-20 02:26:11,2860.52,SHIPPED,2025-05-29 02:26:11
763,19,2025-02-08 05:47:20,2999.5,PENDING,2025-02-14 05:47:20
764,89,2025-01-25 04:00:45,1678.01,PENDING,2025-02-02 04:00:45
765,16,2025-05-14 12:04:14,40.62,PENDING,2025-05-21 12:04:14
766,9,2025-02-19 10:37:33,7628.79,CANCELLED,2025-02-25 10:37:33
767,47,2025-01-07 22:45:46,1258.21,SHIPPED,2025-01-17 22:45:46
768,187,2025-04-13 12:18:54,1968.47,DELIVERED,2025-04-18 12:18:54
769,229,2025-02-28 06:49:05,1296.03,DELIVERED,2025-03-07 06:49:05
770,223,2025-05-26 20:10:37,0.0,DELIVERED,2025-06-01 20:10:37
771,21,2025-01-12 02:59:36,5142.49,SHIPPED,2025-01-22 02:59:36
772,221,2025-02-19 13:58:52,454.26,CANCELLED,2025-02-20 13:58:52
773,46,2025-02-12 08:11:20,131.47,DELIVERED,2025-02-20 08:11:20
774,33,2024-12-16 23:34:50,3762.65,SHIPPED,2024-12-16 23:34:50
775,194,2025-06-03 02:16:01,1218.6,PENDING,2025-06-07 02:16:01
776,119,2024-12-26 00:29:42,3290.52,DELIVERED,2025-01-03 00:29:42
777,98,2025-03-13 01:14:42,696.02,SHIPPED,2025-03-16 01:14:42
778,118,2024-12-24 01:40:18,3253.69,CANCELLED,2024-12-26 01:40:18
779,71,2025-01-31 08:07:42,1855.15,SHIPPED,2025-02-01 08:07:42
780,9,2025-05-20 08:51:15,4167.58,DELIVERED,2025-05-29 08:51:15
781,197,2025-03-20 13:21:24,1490.6399999999999,PENDING,2025-03-23 13:21:24
782,53,2025-02-23 06:04:08,1590.2,PENDING,2025-02-24 06:04:08
783,153,2025-03-14 07:58:11,2842.15,PENDING,2025-03-21 07:58:11
784,154,2025-05-11 16:55:51,3067.18,PENDING,2025-05-14 16:55:51
785,190,2025-04-24 14:51:02,8423.16,PENDING,2025-04-30 14:51:02
786,113,2025-03-02 11:14:52,4857.05,SHIPPED,2025-03-10 11:14:52
787,56,2025-05-05 04:12:24,1175.6399999999999,PENDING,2025-05-07 04:12:24
788,129,2025-04-22 11:40:46,1519.42,CANCELLED,2025-04-25 11:40:46
789,209,2025-03-29 02:10:46,3597.72,CANCELLED,2025-04-07 02:10:46
790,154,2025-05-31 06:24:26,2223.14,CANCELLED,2025-06-03 06:24:26
791,78,2024-12-21 19:02:17,0.0,SHIPPED,2024-12-31 19:02:17
792,134,2025-05-07 15:50:15,935.1500000000001,SHIPPED,2025-05-13 15:50:15
793,77,2025-02-08 14:09:49,4187.15,CANCELLED,2025-02-08 14:09:49
794,143,2025-02-26 19:22:33,1855.68,SHIPPED,2025-03-08 19:22:33
795,174,2024-12-14 20:45:10,3687.2599999999998,DELIVERED,2024-12-22 20:45:10
796,127,2024-12-14 03:15:33,1356.48,PENDING,2024-12-19 03:15:33
797,242,2025-04-02 10:53:53,1679.74,DELIVERED,2025-04-10 10:53:53
798,82,2025-03-13 22:41:26,808.56,DELIVERED,2025-03-19 22:41:26
799,39,2025-03-19 00:35:14,2390.11,CANCELLED,2025-03-25 00:35:14
800,48,2025-03-09 23:13:55,4837.280000000001,DELIVERED,2025-03-12 23:13:55
801,218,2025-06-01 21:30:51,764.84,SHIPPED,2025-06-05 21:30:51
802,220,2025-05-14 12:07:01,877.29,SHIPPED,2025-05-21 12:07:01
803,235,2025-01-29 01:56:26,337.37,PENDING,2025-02-06 01:56:26
804,106,2025-02-20 06:51:03,229.82,DELIVERED,2025-02-28 06:51:03
805,136,2024-12-22 15:54:38,4032.8799999999997,SHIPPED,2024-12-28 15:54:38
806,63,2025-04-01 07:16:46,7742.42,CANCELLED,2025-04-04 07:16:46
807,85,2025-02-15 12:09:02,400.03,PENDING,2025-02-22 12:09:02
808,217,2025-03-16 20:23:35,2056.38,CANCELLED,2025-03-17 20:23:35
809,138,2025-01-13 10:35:04,4893.12,SHIPPED,2025-01-13 10:35:04
810,69,2025-05-06 10:37:58,0.0,DELIVERED,2025-05-16 10:37:58
811,155,2025-02-26 19:03:59,2446.09,PENDING,2025-02-27 19:03:59
812,49,2025-05-24 07:32:12,4559.18,SHIPPED,2025-05-31 07:32:12
813,54,2025-05-09 08:26:19,1647.75,CANCELLED,2025-05-13 08:26:19
814,245,2025-04-09 08:20:50,2005.75,PENDING,2025-04-12 08:20:50
815,240,2025-05-17 21:16:40,2369.14,SHIPPED,2025-05-18 21:16:40
816,192,2025-03-14 17:09:18,1862.93,DELIVERED,2025-03-17 17:09:18
817,179,2025-03-20 10:51:18,890.28,SHIPPED,2025-03-26 10:51:18
818,235,2025-03-20 14:43:01,3039.51,SHIPPED,2025-03-28 14:43:01
819,83,2025-05-25 00:20:03,4282.52,CANCELLED,2025-05-31 00:20:03
820,120,2025-02-06 18:24:49,3936.95,CANCELLED,2025-02-10 18:24:49
821,67,2025-01-05 04:47:27,1461.9,CANCELLED,2025-01-13 04:47:27
822,226,2025-02-04 13:38:03,0.0,DELIVERED,2025-02-11 13:38:03
823,26,2025-05-10 12:26:20,3173.8,DELIVERED,2025-05-15 12:26:20
824,235,2025-04-14 00:26:34,4473.0,SHIPPED,2025-04-19 00:26:34
825,81,2025-02-11 09:41:35,3851.7599999999998,DELIVERED,2025-02-11 09:41:35
826,145,2025-05-09 07:25:41,2481.88,SHIPPED,2025-05-11 07:25:41
827,5,2025-04-09 04:39:45,2103.42,CANCELLED,2025-04-17 04:39:45
828,240,2025-05-28 11:08:58,2594.97,DELIVERED,2025-06-01 11:08:58
829,40,2025-02-21 19:49:36,1861.96,SHIPPED,2025-02-26 19:49:36
830,59,2025-03-22 20:25:01,0.0,DELIVERED,2025-03-31 20:25:01
831,214,2025-05-25 07:59:18,1577.84,SHIPPED,2025-06-01 07:59:18
832,141,2025-05-08 14:59:22,0.0,CANCELLED,2025-05-12 14:59:22
833,196,2025-02-11 07:13:12,2626.49,DELIVERED,2025-02-21 07:13:12
834,190,2025-04-12 17:13:49,3957.3,DELIVERED,2025-04-19 17:13:49
835,44,2025-05-27 00:59:37,808.76,CANCELLED,2025-05-29 00:59:37
836,36,2025-05-29 14:38:59,623.67,DELIVERED,2025-05-31 14:38:59
837,235,2025-01-12 22:38:16,1970.5,PENDING,2025-01-20 22:38:16
838,9,2024-12-16 08:58:37,1703.91,PENDING,2024-12-26 08:58:37
839,13,2025-02-28 19:39:23,2177.39,PENDING,2025-03-06 19:39:23
840,36,2025-04-29 16:43:31,903.46,SHIPPED,2025-04-30 16:43:31
841,182,2025-05-03 07:03:03,2234.4,SHIPPED,2025-05-03 07:03:03
842,56,2025-05-30 18:24:18,4451.36,DELIVERED,2025-06-04 18:24:18
843,16,2025-01-06 23:50:35,681.39,DELIVERED,2025-01-16 23:50:35
844,125,2024-12-13 01:25:19,4311.86,PENDING,2024-12-13 01:25:19
845,137,2025-04-20 02:16:05,3578.11,DELIVERED,2025-04-20 02:16:05
846,5,2025-01-05 00:21:49,1126.8600000000001,CANCELLED,2025-01-13 00:21:49
847,74,2025-03-20 06:52:35,2441.6800000000003,PENDING,2025-03-28 06:52:35
848,209,2025-04-13 18:39:23,0.0,DELIVERED,2025-04-15 18:39:23
849,28,2025-01-04 16:54:45,3998.4900000000002,PENDING,2025-01-12 16:54:45
850,39,2025-02-23 01:46:21,1522.53,SHIPPED,2025-02-26 01:46:21
851,159,2025-05-05 10:57:51,2049.25,CANCELLED,2025-05-10 10:57:51
852,69,2025-06-02 00:20:51,1167.8700000000001,DELIVERED,2025-06-03 00:20:51
853,96,2025-03-28 13:45:06,1626.1,DELIVERED,2025-04-04 13:45:06
854,145,2025-03-11 19:38:26,60.93,SHIPPED,2025-03-14 19:38:26
855,77,2025-05-29 21:04:07,6912.77,PENDING,2025-06-08 21:04:07
856,220,2025-01-03 10:49:35,2251.12,PENDING,2025-01-04 10:49:35
857,104,2025-03-06 02:49:12,2777.95,DELIVERED,2025-03-12 02:49:12
858,142,2024-12-10 11:38:21,4719.6,DELIVERED,2024-12-10 11:38:21
859,164,2025-02-24 12:56:47,2235.6,PENDING,2025-02-26 12:56:47
860,22,2025-01-19 20:54:44,201.88,DELIVERED,2025-01-25 20:54:44
861,166,2025-05-25 15:24:44,4639.08,CANCELLED,2025-06-03 15:24:44
862,220,2025-03-06 12:58:36,0.0,PENDING,2025-03-14 12:58:36
863,236,2025-05-28 08:11:55,2578.09,PENDING,2025-05-31 08:11:55
864,55,2025-06-02 23:41:35,4160.6,DELIVERED,2025-06-06 23:41:35
865,12,2025-02-19 09:44:39,1230.0,PENDING,2025-03-01 09:44:39
866,237,2025-04-24 08:16:05,616.6700000000001,CANCELLED,2025-05-02 08:16:05
867,145,2025-04-04 09:18:23,6042.48,PENDING,2025-04-06 09:18:23
868,238,2025-03-19 08:15:51,788.92,CANCELLED,2025-03-19 08:15:51
869,247,2025-04-02 22:21:34,4887.55,SHIPPED,2025-04-11 22:21:34
870,37,2025-02-08 12:05:49,3591.56,DELIVERED,2025-02-09 12:05:49
871,77,2024-12-20 03:46:47,394.46,SHIPPED,2024-12-29 03:46:47
872,62,2025-01-17 21:03:09,3238.88,DELIVERED,2025-01-27 21:03:09
873,230,2025-04-23 23:00:33,4931.610000000001,CANCELLED,2025-04-29 23:00:33
874,194,2025-05-24 23:20:11,1729.8200000000002,SHIPPED,2025-05-25 23:20:11
875,129,2025-04-03 11:32:49,616.53,CANCELLED,2025-04-03 11:32:49
876,26,2025-03-29 02:18:46,2796.5,DELIVERED,2025-04-01 02:18:46
877,215,2025-03-23 06:16:42,1540.76,PENDING,2025-03-28 06:16:42
878,155,2025-05-10 18:06:16,5299.8,DELIVERED,2025-05-15 18:06:16
879,8,2025-03-06 13:07:25,2525.1099999999997,CANCELLED,2025-03-13 13:07:25
880,126,2025-02-23 06:35:53,4001.6000000000004,SHIPPED,2025-02-28 06:35:53
881,142,2025-03-21 15:56:39,1508.95,DELIVERED,2025-03-27 15:56:39
882,48,2025-01-16 15:51:18,3868.88,DELIVERED,2025-01-17 15:51:18
883,198,2025-05-21 19:01:17,1625.48,CANCELLED,2025-05-24 19:01:17
884,183,2025-05-20 00:57:02,1484.5,PENDING,2025-05-21 00:57:02
885,69,2025-03-14 23:43:38,2189.02,SHIPPED,2025-03-20 23:43:38
886,183,2025-01-23 08:04:02,3502.4,SHIPPED,2025-01-29 08:04:02
887,82,2025-01-05 21:52:37,956.48,CANCELLED,2025-01-06 21:52:37
888,24,2025-04-17 18:20:51,2046.98,PENDING,2025-04-21 18:20:51
889,114,2025-03-19 14:06:25,8693.14,CANCELLED,2025-03-23 14:06:25
890,27,2025-04-11 03:12:40,3750.11,SHIPPED,2025-04-12 03:12:40
891,48,2025-02-04 19:08:43,1426.6,DELIVERED,2025-02-11 19:08:43
892,143,2025-03-01 13:43:02,1875.22,DELIVERED,2025-03-02 13:43:02
893,7,2024-12-14 21:48:44,1553.63,PENDING,2024-12-19 21:48:44
894,142,2025-05-05 21:19:52,995.28,PENDING,2025-05-14 21:19:52
895,154,2025-01-12 20:51:22,0.0,CANCELLED,2025-01-18 20:51:22
896,4,2025-04-12 21:07:48,1043.79,CANCELLED,2025-04-18 21:07:48
897,100,2025-03-19 03:37:13,0.0,PENDING,2025-03-27 03:37:13
898,232,2025-03-14 15:56:06,1031.5,SHIPPED,2025-03-23 15:56:06
899,134,2024-12-25 04:03:21,4554.18,SHIPPED,2025-01-04 04:03:21
900,98,2025-02-03 22:28:27,2556.27,SHIPPED,2025-02-05 22:28:27
901,69,2025-01-18 16:09:48,2254.05,CANCELLED,2025-01-22 16:09:48
902,127,2025-03-12 10:33:27,605.8,SHIPPED,2025-03-13 10:33:27
903,43,2025-02-02 19:29:42,205.51,DELIVERED,2025-02-06 19:29:42
904,108,2024-12-17 16:39:50,6646.5,CANCELLED,2024-12-24 16:39:50
905,201,2025-04-06 06:35:13,1925.8200000000002,PENDING,2025-04-11 06:35:13
906,65,2025-03-15 10:06:31,1763.21,SHIPPED,2025-03-25 10:06:31
907,127,2025-01-16 04:45:50,471.64,SHIPPED,2025-01-23 04:45:50
908,28,2024-12-31 22:07:17,0.0,SHIPPED,2025-01-04 22:07:17
909,2,2025-05-31 04:29:10,3618.17,DELIVERED,2025-06-05 04:29:10
910,216,2025-04-26 05:42:17,1117.37,DELIVERED,2025-05-01 05:42:17
911,113,2025-05-31 20:40:43,1779.01,CANCELLED,2025-06-06 20:40:43
912,209,2025-05-27 01:43:40,5635.36,SHIPPED,2025-05-31 01:43:40
913,83,2025-02-24 03:08:40,2370.35,SHIPPED,2025-03-03 03:08:40
914,81,2025-04-07 02:34:11,5104.27,SHIPPED,2025-04-13 02:34:11
915,248,2025-04-02 11:27:45,1149.1,CANCELLED,2025-04-06 11:27:45
916,189,2025-05-04 05:44:05,5385.98,DELIVERED,2025-05-13 05:44:05
917,201,2025-02-12 17:20:58,2331.21,SHIPPED,2025-02-17 17:20:58
918,97,2024-12-28 22:30:06,1582.45,CANCELLED,2025-01-03 22:30:06
919,94,2025-02-13 07:01:04,4074.7000000000003,PENDING,2025-02-22 07:01:04
920,52,2025-01-19 00:33:14,2175.75,SHIPPED,2025-01-29 00:33:14
921,197,2025-01-19 08:06:05,0.0,PENDING,2025-01-26 08:06:05
922,242,2024-12-16 17:00:17,2113.24,SHIPPED,2024-12-23 17:00:17
923,205,2024-12-17 17:37:05,3503.1600000000003,CANCELLED,2024-12-18 17:37:05
924,210,2025-02-27 19:37:16,4171.33,DELIVERED,2025-03-09 19:37:16
925,128,2025-02-07 20:13:58,1501.5700000000002,SHIPPED,2025-02-17 20:13:58
926,78,2025-06-05 04:55:55,1686.4099999999999,SHIPPED,2025-06-09 04:55:55
927,169,2025-04-19 15:21:37,4156.5,SHIPPED,2025-04-25 15:21:37
928,203,2025-04-28 16:54:05,1248.25,DELIVERED,2025-04-29 16:54:05
929,115,2024-12-11 23:25:22,2487.44,DELIVERED,2024-12-20 23:25:22
930,103,2025-04-01 04:59:08,0.0,DELIVERED,2025-04-09 04:59:08
931,10,2025-03-21 22:59:02,2747.94,CANCELLED,2025-03-29 22:59:02
932,153,2025-04-27 03:25:50,4412.6,PENDING,2025-04-28 03:25:50
933,197,2024-12-15 22:08:04,1085.82,SHIPPED,2024-12-25 22:08:04
934,171,2025-06-03 22:07:46,720.57,CANCELLED,2025-06-05 22:07:46
935,166,2025-02-25 15:33:05,2352.97,PENDING,2025-03-06 15:33:05
936,166,2025-01-10 13:49:12,1869.6800000000003,DELIVERED,2025-01-15 13:49:12
937,248,2025-05-30 05:39:03,1760.0,DELIVERED,2025-05-31 05:39:03
938,3,2025-05-14 04:35:53,296.75,PENDING,2025-05-18 04:35:53
939,57,2025-01-16 18:34:03,2007.17,SHIPPED,2025-01-23 18:34:03
940,96,2025-03-12 16:37:56,2840.73,DELIVERED,2025-03-19 16:37:56
941,198,2025-02-24 03:39:53,2926.68,SHIPPED,2025-03-01 03:39:53
942,7,2025-02-01 01:09:59,1881.52,DELIVERED,2025-02-02 01:09:59
943,76,2024-12-24 19:54:02,2542.23,DELIVERED,2024-12-25 19:54:02
944,30,2025-03-28 14:28:03,3550.2400000000002,SHIPPED,2025-04-02 14:28:03
945,80,2025-05-05 12:28:54,5365.32,CANCELLED,2025-05-12 12:28:54
946,201,2025-03-19 02:52:43,450.81,SHIPPED,2025-03-27 02:52:43
947,124,2025-02-14 13:20:03,2957.38,CANCELLED,2025-02-21 13:20:03
948,25,2025-02-15 15:36:54,5693.84,DELIVERED,2025-02-22 15:36:54
949,82,2025-03-20 16:44:03,6084.25,PENDING,2025-03-24 16:44:03
950,12,2025-04-01 06:14:28,2486.3599999999997,PENDING,2025-04-01 06:14:28
951,218,2025-01-25 07:10:25,2891.91,CANCELLED,2025-02-04 07:10:25
952,28,2025-05-20 07:07:32,292.98,SHIPPED,2025-05-23 07:07:32
953,133,2025-05-13 09:49:24,1644.08,SHIPPED,2025-05-21 09:49:24
954,41,2025-06-06 18:46:07,1013.8,CANCELLED,2025-06-14 18:46:07
955,110,2025-06-06 01:32:16,763.1800000000001,DELIVERED,2025-06-09 01:32:16
956,205,2025-06-01 06:04:02,2437.42,DELIVERED,2025-06-11 06:04:02
957,48,2025-02-23 09:37:38,224.49,SHIPPED,2025-03-05 09:37:38
958,169,2024-12-07 20:07:07,4203.44,DELIVERED,2024-12-13 20:07:07
959,8,2024-12-28 19:23:56,1183.38,SHIPPED,2025-01-04 19:23:56
960,152,2025-05-24 14:40:13,1577.84,DELIVERED,2025-05-30 14:40:13
961,2,2024-12-27 03:21:44,2307.73,SHIPPED,2024-12-30 03:21:44
962,72,2024-12-26 16:28:53,3160.81,PENDING,2025-01-04 16:28:53
963,27,2025-01-12 01:46:14,0.0,SHIPPED,2025-01-17 01:46:14
964,84,2025-03-06 05:01:39,146.49,SHIPPED,2025-03-13 05:01:39
965,30,2024-12-09 01:58:10,299.32,CANCELLED,2024-12-19 01:58:10
966,221,2025-02-22 12:52:14,2500.98,DELIVERED,2025-03-02 12:52:14
967,248,2025-01-12 05:42:18,1972.3,CANCELLED,2025-01-21 05:42:18
968,100,2025-03-19 11:17:06,0.0,DELIVERED,2025-03-28 11:17:06
969,30,2024-12-23 04:29:38,263.68,CANCELLED,2024-12-28 04:29:38
970,217,2025-04-10 18:48:05,3642.62,DELIVERED,2025-04-19 18:48:05
971,45,2025-03-13 00:50:55,1288.08,CANCELLED,2025-03-22 00:50:55
972,152,2025-03-29 07:50:30,5454.01,PENDING,2025-04-08 07:50:30
973,35,2025-05-22 07:22:21,3577.91,CANCELLED,2025-05-23 07:22:21
974,62,2025-04-22 22:44:53,3717.5,CANCELLED,2025-04-23 22:44:53
975,47,2025-03-07 21:14:20,450.81,CANCELLED,2025-03-09 21:14:20
976,131,2025-05-05 22:33:52,1137.76,DELIVERED,2025-05-11 22:33:52
977,153,2024-12-21 03:25:06,0.0,SHIPPED,2024-12-30 03:25:06
978,99,2024-12-08 18:13:11,431.15999999999997,DELIVERED,2024-12-10 18:13:11
979,125,2025-03-23 14:24:16,3393.84,SHIPPED,2025-03-31 14:24:16
980,43,2025-04-02 16:10:20,6078.83,DELIVERED,2025-04-06 16:10:20
981,36,2024-12-13 06:44:53,527.76,SHIPPED,2024-12-18 06:44:53
982,216,2025-05-06 22:36:55,2651.92,DELIVERED,2025-05-15 22:36:55
983,14,2025-06-02 10:36:38,0.0,CANCELLED,2025-06-02 10:36:38
984,125,2025-04-19 19:26:12,3464.94,SHIPPED,2025-04-22 19:26:12
985,209,2025-02-25 01:43:59,4343.24,DELIVERED,2025-03-05 01:43:59
986,130,2024-12-24 16:42:19,299.32,DELIVERED,2024-12-30 16:42:19
987,176,2025-04-18 21:15:26,4012.9,DELIVERED,2025-04-24 21:15:26
988,182,2025-03-05 14:08:29,1151.32,DELIVERED,2025-03-12 14:08:29
989,43,2024-12-16 12:29:26,2147.32,PENDING,2024-12-25 12:29:26
990,8,2025-02-14 03:11:26,3399.5,SHIPPED,2025-02-18 03:11:26
991,9,2025-06-01 08:36:50,263.68,CANCELLED,2025-06-04 08:36:50
992,138,2025-01-06 04:51:33,1482.36,CANCELLED,2025-01-08 04:51:33
993,200,2025-01-12 09:22:40,4956.07,DELIVERED,2025-01-21 09:22:40
994,191,2025-03-27 04:34:44,1890.89,DELIVERED,2025-04-04 04:34:44
995,131,2025-02-15 12:27:20,1456.16,PENDING,2025-02-24 12:27:20
996,30,2025-04-05 17:40:44,3909.61,CANCELLED,2025-04-13 17:40:44
997,211,2024-12-12 23:50:06,1370.38,CANCELLED,2024-12-20 23:50:06
998,211,2025-03-23 03:12:14,2815.12,PENDING,2025-03-30 03:12:14
999,140,2025-02-04 21:50:20,1282.26,SHIPPED,2025-02-10 21:50:20
1000,27,2025-04-28 16:37:19,7198.1,SHIPPED,2025-05-02 16:37:19
